,AskMen,AskWomen
able,1.1265063581410344,0.7988795789682512
able to,0.8008664684261685,0.7564247402526348
about,10.052586218129827,7.19368055184942
about how,0.4463094808829915,0.306688937582324
about it,2.6336255550041265,0.8770303948129894
about the,1.132210110204117,0.6409002693238615
about this,0.8544021172261822,0.6039887304359857
about what,0.0,0.6655502310997844
about your,2.175978393190789,0.729988681536994
above,0.37991331868123135,0.16726622945453123
absolutely,0.9255271025654144,0.12714519248312878
abusive,1.0894926811251093,0.0
accept,1.1389560908513472,0.3755337829387331
across,0.3827170732267983,0.5803246678342588
act,0.44875159805345155,0.4158124927009873
activities,0.08970196954304946,1.1550131491325615
actually,1.832221809189722,1.9828508782614853
add,0.28974165556842707,0.27756199143102495
adult,0.8725677028941157,0.9856191912699845
advice,1.766486361236011,0.8827351374253778
after,5.435967328060397,2.821478233410837
afterwards,0.4706629818281452,0.46270031393078365
again,0.9071317302270567,0.9174263099432327
age,2.001059644559843,1.24167021571829
ago,1.0809760395109898,0.24359970550374355
all,5.58435449763089,3.279333109543228
all of,1.066980804940094,0.31973388036696293
all the,0.8659430239202779,1.0838656798733033
almost,0.45456487219551833,0.2631894923395276
alone,1.211640933660375,0.36064579717446277
along,1.033313277971314,0.22844261813176514
already,0.7971532901562637,0.16642860595732892
also,1.681303417112589,0.9578391379149841
always,2.5916943938781327,0.8010882443833389
am,2.6968741253327457,2.179372197947943
am not,0.21428632858687283,0.2599494810340222
amazing,0.3298481634939864,0.2597625014750318
amp,2.0877705160606994,1.713813066496732
amp what,0.3895186030854074,0.1783050153049766
an,5.570798127252058,3.528696182595302
and,23.13751047663221,15.86290478967823
and am,0.7233569850351537,0.344905220707858
and are,0.3314957484962874,0.17963165327175662
and don,0.6928241007415185,0.5098710974148631
and get,0.5982068974223506,0.24041800625181306
and getting,0.716147137366179,0.17455943486533346
and have,0.8486104573197519,0.5303770814692731
and how,2.1127541829722087,1.450043700574538
and if,1.0127323896443299,0.6828751022679853
and is,0.3799977601901968,0.7738891543184099
and it,0.880802288650731,0.6472318269856984
and just,1.1077870999373938,0.4225534006845727
and most,0.3373535560914711,0.4174497653279253
and my,0.247553674104057,0.3265870922626674
and not,0.6513085279719192,0.37450272139877505
and one,0.44096392144256075,0.0
and or,1.033413270496264,0.5113704341368496
and she,0.4344853410024039,0.43228374884499965
and that,0.47523658609488323,0.4161354057579287
and the,1.6739671093684418,0.44792745427650643
and then,0.7725480992063666,0.34929709675376847
and they,0.9839499603717324,0.4325031680389362
and want,0.4207753221991314,0.2844408782779816
and was,0.6899286891166545,0.45937556768558985
and we,0.6218321931793744,0.3711341656998537
and what,2.114591768484976,2.490094206184341
and why,2.8558973756115855,2.567655100141457
and would,0.6613566469527419,0.4521356249946995
and you,0.7577423293413661,0.6068529075758813
and your,0.7550297160762948,0.7855213599793908
another,1.7907665572307785,1.2919502821185587
answer,0.3562973086484332,0.5235801082223254
anxiety,1.4272766113562587,1.1022572446912156
anxious,0.2961340185630213,0.293831039943744
any,3.930905700050483,2.5275898205146237
any advice,0.4453900471197147,0.0
any of,0.8435373129755288,0.8501868737527843
anymore,0.6331920406427107,0.07042609876402157
anyone,2.1592211724238397,1.731482268933323
anyone else,0.7753205578122317,0.0
anything,1.7769440255669926,1.8470121662168066
anything and,0.5319628139985065,0.1753473058347013
appreciated,0.16307697953331585,0.5599679868263797
apps,1.1414087702476259,0.6793673187264359
are,15.724162347718206,10.466220765833304
are some,4.66241044762395,2.2526510354914455
are the,4.389702956660044,0.9677606509921326
are they,0.823297086787962,0.44480620890884187
are you,4.818918928800314,3.323299729479884
are your,3.4926866730335338,3.3036057606211457
aren,0.4547712429373615,0.4813642375777486
armpits,1.2002440645963168,0.0
around,1.7452394171438441,1.542845578560575
as,7.149538230220335,3.659060506716024
as an,0.4348687160111597,0.0
as the,0.8329590006126226,0.4455527373743803
as well,0.6773437258021408,0.02568827708362552
ask,2.2549464489841458,1.573610108776351
ask her,0.2638404797145932,0.049916317618216306
asked,1.75003662571693,0.8896065830727764
asking,0.6631556706453696,1.1786819591425572
askmen,1.3724530471818737,1.0258548448379026
askwomen,0.4565727885318438,1.0746763179122967
ass,0.9387791153143674,0.5654235534038917
at,5.010414471984752,4.205657238501108
at all,0.405671434837975,0.4578229344296237
at least,0.48919748331538926,0.34064704718974437
at the,1.417528598384597,0.4950065456819748
at what,1.024295420194543,0.6456227466608615
at work,0.9575889449034829,1.1340486388962154
attention,1.1806483510846073,0.11996212269047847
attracted,0.5862927969703228,0.4319059729833337
attracted to,0.6041640694121413,0.3124631555739758
attractive,1.2478820386433371,0.529228974316326
average,0.7407234768829292,0.0
away,1.4443790945490194,1.158368413856238
back,1.9567190713478024,0.8254847708420389
back to,0.9763089020272492,0.02458039205234175
bad,2.834389673545391,2.2857572879622414
bar,0.4760184150154406,0.25592577116465864
basically,0.8689647135485543,0.49905502703322513
be,6.944891685726714,5.9341327159877775
be able,0.8412108340328098,0.42600929947983845
be more,0.5482718838611841,0.3019383290954336
because,3.536633224454388,1.737479662043682
because it,0.20060870733805367,0.35411567089547735
because of,0.7080169941980222,0.9436607053160352
because you,1.0892602663950424,0.3240927290552595
become,1.3854613723824403,1.873965920700916
bed,0.7508496349981708,0.859485701771252
been,6.49195296638516,3.689194053593275
before,2.229438014121148,1.9352899596901394
before and,0.32314547516254144,0.4971999078316938
behavior,0.1961816326184327,0.6890887358940815
behind,0.5491656781152708,0.048439784741450755
being,4.942874767144563,2.630646541192482
being with,0.42775528090558523,0.22829720171316986
believe,0.33900151688389946,0.812356711479757
best,5.762002987855683,4.367823659946025
best friend,1.0542742905105613,0.027171568580039513
better,3.948738885149763,0.5474592885139865
between,1.5845803612388731,0.619726631742398
big,0.5061283085853434,0.34705728079058445
biggest,0.7901023474409883,0.5676300871895334
birth,2.018514570701513,0.37311870787062856
birth control,1.27940752723763,0.30061161450228885
bit,0.8429635005943326,0.6020602884223667
body,2.916994715958795,0.4942445880416488
book,1.2740417029191096,0.5961251919461964
books,0.49330570248157923,1.3725324217603327
both,1.1925760628797146,0.3612413946748933
boyfriend,0.5910492995054059,0.40078527833324235
boys,0.750742742557591,0.15993097067702908
break,1.2888983813736128,0.989777950855143
break up,0.6952704812510326,0.4199878360035045
bro,0.3643621927135399,0.9288555614755687
business,0.5519940421700895,0.0
busy,0.14477693685122617,0.3997407444990158
but,8.698680135555175,6.140291138808842
but can,0.29692762716341364,0.9587287119445118
but don,0.5363019456213497,0.21743276337442963
but is,0.8748786917980238,0.17644750272671106
but it,1.0353423145608838,0.3309772978592387
but not,0.6556829102534207,0.9108317996379417
but she,0.22085151999974764,0.26389638581850344
but still,0.7694238612963984,0.5434247286682833
but that,0.46226922198781595,0.0
but the,0.3321514653787098,0.5872435782115539
but ve,0.640207126292503,0.21701560189873537
but what,0.2859870361884851,0.32101400184436424
but when,0.32623695935848085,0.272774098211773
buy,1.6813720365404796,0.24569732633975283
by,3.088562654660301,3.92193994229977
by my,0.4704667366945955,0.12612765420096184
by the,0.6359652124529186,0.2664444113312315
by this,0.531687807738511,0.20390263689398722
call,0.5155949610740514,0.8515731861776664
called,1.512886942899879,0.11598046890206085
came,0.5483497981153006,0.41301631527475247
can,5.056959819525878,4.971887544996313
can be,0.7902383580727156,0.8956816596302688
can do,0.7966651223480794,0.7913157866506739
can get,0.8451457886350273,0.3244916272105244
can you,0.6412425135239376,1.4372437088706678
car,0.8742824742915416,0.6697724939622459
care,1.1248098917521092,0.5088323554058746
care of,0.2629557531249994,0.2578818036498079
career,0.978118785393492,1.1719426120812115
case,1.4521012533557813,0.5595476213094126
cause,0.6106517832969736,0.3829971890286247
certain,0.5204077963650736,0.40692468500491613
chance,0.3022709181882943,0.43723469939417187
change,2.042359767670598,0.7536329155089636
changed,1.093149655631827,1.0534803466942628
chatting,0.08641927910349792,0.49509562868819296
children,0.3422157868873696,0.776369285022354
class,0.4820619452438725,0.09983263523643261
clean,0.8746644079444854,0.16439080354080995
close,0.4794727873562268,0.46036817079672493
clothes,0.6968658446862781,0.06637957027958119
club,0.21530004533478778,0.6277380416288207
college,0.665877082710857,0.7032982665335085
color,0.6082392699269815,1.7065965987747997
com,0.4321173222337966,0.8471534548843807
come,1.6778688587207167,0.7670521292374999
comes,0.8203834029214074,0.735691345470111
comes to,0.44947604451615103,0.28962964282847586
comfortable,1.4068818037004802,0.7737503263987595
coming,0.6881453903832593,0.6031089856687926
comments,1.252576933551544,0.4609565469656556
common,0.8176201985670793,0.31154404303285416
company,1.040991045049678,0.14534489693007632
compared,1.0223306714860927,0.3324392720267244
completely,1.2113046350901508,0.4263451042866464
compliment,0.5792714027562567,0.5722991576958766
compliments,0.10497788331126702,0.5298690056099903
confidence,0.5324422338663778,0.19802748055632313
confident,0.37355314252433913,0.6840102122262015
consider,0.5981822600742723,0.1383641738788265
constantly,0.9804290710715553,0.2194589598329048
contact,1.2939473199438234,0.19230388053160694
control,1.6129447303063176,0.2749383363264901
conversation,0.8349843782895476,0.3773179130324885
conversations,0.34045595332297285,0.1716121699337499
cool,0.16021515836225036,0.822479860699192
cope,0.7865979040032821,0.8143830006442575
cope with,0.6981420004502686,0.5917308624449954
could,4.375754588983574,2.691037960948383
could be,0.7035179885992673,0.06025238801358481
couldn,0.5801852534519787,0.5465091973879914
country,1.0437098272117846,1.1573075773287724
couple,0.9676426114784018,0.6181484240583217
couple of,0.19143181704082518,0.48377843345837707
course,0.4536873031793077,0.6052306408123959
coworker,0.20546868909484353,0.44880516638536816
coworkers,0.5318982909140787,0.0
creepy,0.34160828064718685,0.7411011365997344
crime,1.11659344837763,0.28717012690760507
crush,0.5679001698557951,1.8993452325559956
curious,1.590671081423769,1.6247836913588825
current,1.603085169887579,0.27892841022519993
currently,1.1159739085777869,0.4487456044405407
cute,0.5187477285455909,0.26703722647368144
dad,1.420871421869406,1.6954465564577794
date,2.4776073810748542,2.6591241256786557
dated,1.167006931896192,0.16364270304129608
dating,4.097637660587796,1.9330997428764127
dating apps,1.1108943414602963,0.21656718604325606
day,3.082805597895608,1.1588941132441348
days,0.7158259935646749,0.5287331985165322
deal,3.653635925081164,1.3412380259812882
deal with,3.4309937144581033,1.2463227025260386
decide,0.27014512680239877,0.5795430446848999
decided,0.20142238497346152,0.6261846866137555
decision,0.8795714085906139,0.09556084284129265
depression,0.7548327370181714,1.0562698700348216
despite,0.7416446174663341,0.2310680093453209
did,10.084772337879171,8.316768259008906
did it,2.1376745471838654,1.2923097748055463
did you,6.817438525926239,7.203468036414566
didn,1.8900343997344509,1.119886087533412
different,1.1280705682339145,0.9409746933092404
discussion,0.5051216201088415,0.11062046045854441
distance,0.7334261130155657,0.482061563299438
do,23.62551492021548,16.424676239320117
do about,0.6674926539265129,0.40252881308032257
do anything,0.21077073464479598,0.6139248906377215
do do,0.4924433299751396,0.11254974757549242
do for,1.5640702758936995,0.5018773835807432
do it,1.2882328506216558,0.6043021466475696
do that,0.2147042352687839,0.3425894949137642
do the,0.3767885742432402,0.22244320688354055
do this,0.09673548393006554,0.45211613273307977
do to,2.9281192493469255,1.4673712507655712
do what,0.49976441930117277,0.532259993029254
do when,0.5413846752812541,1.6866032426013584
do with,1.0036901736885537,0.36572888253875463
do you,18.7866536598928,13.083759833408596
does,6.30879373541093,2.740988735096944
does it,2.1845526899748426,1.3518871009917417
does your,1.3992405787340112,0.47067802629732924
doesn,1.3781047078444173,0.5066519893575439
dog,0.6041895505483481,0.5787655400584271
doing,2.3064861816454902,1.060670017309988
don,4.611774533245232,2.472006182260296
don have,0.3019167763917915,0.41465383119120214
don know,0.9884133619076105,0.40938818969760715
don like,0.8547005979097034,0.2788807267853193
don really,0.3483743051476717,0.14898527964034042
don want,0.9909030121593605,0.08865925331447008
done,2.4159184896285635,2.3020336548170635
done to,1.0242784273976608,0.3127142255966527
dont,0.6846445096895638,0.44006685246467614
down,2.241452982677181,0.5914368675309012
dream,2.4839497872869623,0.0
dress,0.5224053340080261,0.31737142686408615
drink,1.1389916547595804,0.48630791206849966
drinking,0.7290382412055308,0.2360596428545621
drinks,0.20400868953729245,0.6306593592772265
drive,0.8329189711548055,0.2985065463872049
driving,0.7018976159915672,0.0
drunk,0.6826682223204354,0.5918028989944375
dudes,0.6592552343748801,0.29529615485285604
due,0.4851395170795384,0.06022956201339472
dumb,0.25389725067298935,0.30289346884844165
dumped,0.3650186142147598,1.4769480766798084
during,2.915687610336996,1.1387589891782015
during sex,1.4483232000141675,0.0
each,0.7746143665894302,0.725963033694405
each other,0.29512940491940626,0.48838237808902735
easily,0.030248113724064246,0.5574127004129337
eat,1.2959453494527104,1.6104875613201908
eating,0.27370275095280083,0.7050725151920649
edit,2.6658288915176587,1.4307013324904847
effort,0.45227242352579433,0.24826187511060563
either,0.40203155357279896,0.7086884885141135
else,1.4085823023545823,1.4601532062904397
emotional,0.6170902538961662,1.0690401121741044
end,1.3611890985214943,0.7235924106500586
end up,0.6419474130093321,0.4057853478091998
ended,1.012970035989987,0.07287967106567783
ended up,0.7794741987181864,0.07480761385840382
enjoy,1.589233182131052,1.195397068795099
enjoying,0.3938200907992521,0.0
enough,1.0252262108423074,0.8498054407770634
especially,0.1230244424522187,0.6165065178299588
etc,3.439306969154819,1.9888651852329673
even,2.3651956159854715,1.0595140527549067
ever,6.110199044050879,5.841064336948282
ever been,0.8885827844731741,1.4224307329585322
ever had,1.247963714642246,0.41848713318464803
every,0.5999448220304111,0.7085470543657062
everyday,0.8852444673393439,0.27584698522600387
everyone,2.0390020222007683,1.1149230304583293
everything,0.7041485322222468,0.13804079483741843
ex,1.8638829386937137,1.1129593766465566
example,0.9617049192140434,0.8482492536906389
exercise,1.1776416770859195,0.0
exes,1.2108558387965116,0.12437389410486964
experience,4.340961906278766,2.6800992519440956
experience like,0.4166937307220314,0.8290240934539208
experienced,0.9266966021182599,0.13251762080526666
experiences,1.8851607989378518,0.744819532112907
explain,0.4937935985905276,0.06268452188742263
extremely,0.8801358269053665,0.1693520497582583
eye,0.9369900666329124,0.45984839644838804
eye contact,0.8492078953110255,0.21257586400353953
face,2.515557439029055,1.0072223548179664
fact,0.8181160355276619,0.3856075222212016
fact that,0.6206689253957911,0.4029875868234907
family,1.3281730359552162,1.5815845613137078
far,0.7288350648411506,0.5058065457195069
fast,0.08538759669717515,1.1862852427869774
father,0.29235151249847535,0.21796106333327692
favorite,5.711300502783342,3.8569041509166757
favourite,0.8968515330134588,1.2076953729139013
feel,7.090115934112493,4.519663306555156
feel about,1.0962067139806786,1.793478293649089
feel like,1.6094340988405358,1.709584789517216
feel that,0.7457121859911761,0.0
feeling,2.8428063753649475,1.7295413883772885
feeling of,1.053137423754469,0.19754798723676262
feelings,2.296441614109257,0.34327444507404264
feels,0.9802643441983818,0.20834874022728955
feels like,0.3814919868001053,0.10755095276692
felt,1.2633489798610136,0.2734350401001791
female,1.950595750316066,1.2837638083514888
few,1.5473560704767768,1.0997394609107725
few months,0.4043031377189437,0.10862993931415305
figure,0.7448203479133806,0.12116852849600777
find,3.293512785503086,1.8810966344720048
find it,0.937516405112042,0.0
first,4.651210689439983,2.990943658504675
first date,1.2784679271057706,0.3189322796290152
first time,0.6836552567297027,0.24909727205868545
fit,0.7914051520534081,0.9289058853854765
follow,0.0719460460569147,0.8334938516409329
for,16.1676407678087,8.94152710676389
for about,0.08331024586841877,0.3240322248637719
for all,0.19077313054781295,0.5616068195439134
for example,0.6314821203037919,0.6316537995763879
for her,0.2925374378387736,0.19848589975140268
for it,0.32606481835342244,0.048439784741450755
for me,2.2224344883548777,0.42565243283211646
for my,0.5044054253518714,0.3415531063293239
for some,0.3305223385003357,1.1400906140715579
for the,2.4476595477338425,0.8987260206482057
for those,1.3589854730649944,1.2246021210059852
for what,0.1888538365176476,0.7771053905530749
for women,1.1063028601030462,0.4368809599709393
for years,0.5680944181633953,0.5944938164572053
for you,3.7086082234458857,2.119944163596077
for your,1.226057431616733,0.8051504949583036
form,0.6335379123503444,0.0
forward,0.8297974908662178,0.9058920045242189
found,1.6655416479090466,0.7290217354150288
found out,0.5604425880673001,0.3489868860645432
free,0.9153253972712525,0.9937476266980402
free to,0.08654913398386431,0.5948118369257903
friday,0.1904051638570624,0.17948340881094593
friend,2.338651177959514,1.9024200520003585
friendly,0.5167744314610576,0.0
friends,1.9509449727899895,2.5899060940937666
friends and,0.14203325343655027,0.34613646193290193
from,5.545038603587165,6.347315401520889
from the,0.9189863627022307,0.14318037593921162
from your,0.5572823904224888,0.9458399524851286
front,0.2046194634382575,0.4302308973019966
full,0.13950090459128797,0.5586141925266944
fun,2.1693945134325348,0.4643397104647471
fun of,0.8029625835411835,0.0
future,0.8841112992226139,0.31525000669500153
game,1.1828313940040296,0.6248655850274893
games,0.5881016179645999,1.5646340836848405
gave,0.32836545874442646,0.2917480951275049
gay,1.095158174849031,0.3293728354049487
general,0.9420554718085041,0.6209780516920536
get,7.8095854707475425,5.385358575035936
get along,0.40142523439731315,0.2278352507033598
get it,0.6616093375180043,0.442669745826042
get married,0.2939799624976831,0.8975547300901328
get over,1.1987996755148846,0.09206784736320671
get to,0.5456716393915948,0.5350749515862129
getting,3.037609449989585,1.456907986608588
gf,0.6009374848728267,0.8217793572307222
girl,3.482189696148991,1.7737082037516148
girlfriend,1.634797803051778,1.3125863783136364
girls,1.9137831442071687,1.4926184296810323
give,1.2793374416072019,0.8763441123332316
given,0.9114103885131619,0.6926483710973526
go,4.922991202053955,2.9010142641569465
go to,2.015068763683506,0.9874974864412818
goes,0.5035915660635428,0.07419959592355421
going,2.6998241383025565,1.6400157138693452
going on,0.762892849533285,0.026367829116953054
going out,0.4773939859421374,0.11640860593773043
going to,0.8325022296922212,0.7394802863904623
gone,0.5393631569694084,0.02509962233703123
good,5.238296407580327,3.312951338620785
got,2.1192164656070744,1.8769560119575692
got the,0.67272102064344,0.12246119417466003
gotten,1.1077383425642724,0.6443223688645522
great,2.467408195934183,0.47434478821828596
group,0.2908695072390934,0.20412828087936535
growing,0.573308005360371,0.15512849771069598
guy,3.0387300969701556,0.9902084704205493
guys,4.607572369588184,3.461710084206307
guys think,0.31279590825683146,0.4576894184340456
guys what,0.8940614866927649,1.1667266305931807
guys who,1.031849820908597,1.0993559113281728
gym,0.8487225807114406,0.5458956192513615
habits,0.031170131330296624,0.7855623104338458
had,4.3764572860797095,4.155694956756547
had to,0.8594847816988174,0.5872880398914505
hair,2.2559776180548243,0.7601866343490429
half,0.9100485564453414,0.2273920157679207
handle,1.5897349739484974,0.49015036397058154
handle it,0.5367443476588154,0.4315143050084549
hands,1.3857049508515802,0.0
happen,0.5376226208321476,0.2525452787349492
happened,2.5413102360038753,1.5734237935848818
happened to,1.180117687370825,0.24749221116300826
happens,0.8046771849658964,0.3226138309876782
happiness,0.6372592099025083,0.6686313410317398
happy,1.8487880806344252,1.1202528080874006
hard,1.8534820235505525,0.9961607340314909
hard to,0.5628542617968699,0.22445510258812146
has,5.041465332798577,3.937158706894892
has been,1.0721386103282922,0.5849267419160761
has it,1.0684171381594307,0.19315793607868262
has your,1.3019347276860893,0.29542954502831115
hate,0.7863107698631995,0.9297603145919284
hate it,0.47137674513502764,0.6798838599331791
have,14.547712037151422,9.350434347645
have any,0.4106409214025195,0.6451142521945524
have been,2.7662135834690362,0.6596596495986838
have done,0.7407440854590881,0.6400926582283575
have ever,1.1286648481408783,0.47282951351174585
have had,1.004164928859827,1.2077539220357694
have kids,0.3530793490765362,0.2813521000858608
have no,0.19571571598082188,0.5328858745886247
have to,1.1087959337512623,0.8079902144761176
have you,6.1209713568516655,3.2854490343439444
haven,1.0581041221548642,0.31525729170142097
having,1.997148125682515,2.169665192800846
he,3.954698032498552,1.2410511945745912
he is,0.3585925605309627,0.1640318615672585
he was,0.666349585492846,0.027171568580039513
head,1.0337101894996985,0.36417411181091974
health,1.453895340423737,0.508187362981795
healthy,2.0501693469554674,0.6290453882180987
hear,1.0242309711218474,0.5177112905049435
heard,1.4586459899524342,0.9917240153838095
heart,0.15463122404000823,0.5527618249512967
hell,0.546377461822927,0.17423294894683705
hello,0.1395633751467162,0.33660262290187504
help,1.3756336196651027,1.6408297532990128
helped,1.2503506912946887,0.6161962153096655
helped you,1.2734300917703611,0.4150369802711647
helps,0.07337500999026639,1.0474514575640788
her,3.721673458803186,3.9153665655657552
her and,0.37951460112923163,0.1473125286192741
her friends,0.08326235488691613,0.31585262794133867
her out,0.12883420911089183,0.10810648766560152
here,1.12715078655433,1.9550838192115036
hey,2.1023111749002097,0.7656185554800656
hi,0.40679448609173074,1.228283090329962
high,1.9466097899532333,1.5177251063882342
high school,0.4876058823641438,0.7214092692196801
him,1.85175726586695,0.6522613717023915
himself,0.35665979377379875,0.13380380784603893
his,1.9442460681511142,0.3709031899620717
hit,0.2567042111664763,0.6103166237378852
hobbies,0.8775865160193574,0.38079373600121713
hold,0.8988499942365193,0.2537633707261883
holding,1.198468353068683,0.0
home,1.1976570379541112,0.5797117155683027
honest,0.24444792539203392,0.42223395389735763
hope,0.5344886833706909,0.4679876650551602
hoping,0.6060319347282594,0.40101556302075664
hours,0.7465157013239703,0.6754128836591892
house,0.18204077426382714,0.6276013460660821
how,20.60148682114612,14.02385566633685
how are,0.27410936225881927,1.2850310339418443
how can,1.4191394344643546,0.5116374267183286
how did,4.903417653565995,5.6714791321506155
how do,11.206613270085233,6.6012018144604765
how does,1.4330463863637706,0.5852700332276725
how has,1.5025775646535684,1.0533154770043998
how have,1.3734681370770223,0.45079018166436785
how is,0.6864842038012791,0.5088569133791547
how it,0.6383568917376417,0.17963165327175662
how long,1.963564733322487,0.24348290399106204
how many,1.4359736836530863,1.5310710900075761
how much,0.6509845156441855,1.3153174750012921
how often,2.7136927551657988,0.8041584663662632
how old,0.8650748747388861,0.5722539881796384
how should,0.7990910774253075,0.19781734704314513
how to,2.033927649484957,1.4960347146653943
how was,1.2372591917983409,1.1561718881270449
how would,2.828340568480174,0.9439830532656928
how you,1.2331905571399246,0.34833444285269655
however,0.4165211400351467,0.4125413987247557
https,1.0895466669628533,0.7953000853622276
human,0.5391643870139688,0.07402140943320927
hurt,0.561973372516225,0.5410602031493272
husband,0.2598624924474798,0.8616863850039156
idea,0.5830359590505299,0.28628489176849814
ideas,1.2285697329055443,0.2176344863690549
if,8.992683182623304,6.981019259315137
if any,0.6885524790266103,0.6433029139376594
if anyone,0.46193664342460056,0.12050477602716962
if it,1.192982268373307,0.16323080962839748
if so,2.7361548342111326,1.3126708698131988
if that,0.18249089206621583,0.5175032589191262
if the,0.7511040960837564,0.026367829116953054
if they,0.08669241844803201,0.3804436369534341
if this,0.5186421450142954,0.16838455779903308
if you,3.453429492612339,3.9182440250038395
if your,0.6176652843028065,1.4203801244477674
im,0.8001000253809338,0.9471948919539571
immediately,0.3779467872874658,0.9800160823862502
important,0.920324578043718,0.6686127855046966
in,15.405333932031207,10.983381069447663
in advance,0.48465877440898325,0.07467890282551015
in life,0.648834757884276,0.6821519968816958
in my,0.9720565758943809,0.7432451353635048
in our,0.39548748351378604,0.10425945477829533
in relationship,1.8836678389650088,0.21823434662712093
in the,3.6021412628187326,2.9263585225078033
in their,0.36442321912284786,0.6212038927729069
in this,0.3838973348645901,0.5730398204409436
in your,2.4169058162622883,2.44129922705929
include,0.2577389684756944,0.36470269000727296
inside,0.5620641470515235,0.21327366962518368
insight,0.4301794006156254,0.18505503288584868
instead,0.4784695300047077,1.0411754407414984
instead of,0.30651211107850873,0.8079531510876428
interest,1.3712762951345898,0.5494311384044114
interested,0.7382604213376674,0.8868550533714668
interested in,0.39639408149923827,0.9494722529704768
interesting,0.6771334018557643,0.8313032773826118
into,2.3449862954168093,1.8486810399900273
into the,0.8041068392858698,0.0
is,18.599230731925676,10.076456947571666
is actually,0.34433449214461476,0.2708271892881481
is going,0.18410177796036348,0.3742675391577215
is good,0.3880153644762012,0.32107138271383434
is it,2.0654389854020083,1.2367132003513435
is not,0.7888496622689899,0.5015367248642064
is one,0.3043442062122337,0.49873594156005907
is so,0.658064858211188,0.13380380784603893
is something,1.3847271163354522,1.9651062347509947
is that,0.8315798232743937,0.3148794195465334
is the,6.406610764589995,2.602479796181317
is there,1.1368970203550552,1.3948542355982236
is this,0.5151358912113474,0.20304472325729758
is your,7.310377632277162,3.8348023168712353
isn,1.1555823797916467,0.7123284187986654
issue,0.5877034335088366,0.26821643511556104
it,18.979156674811946,11.521550862169684
it all,0.31336689823822356,0.4148235069450561
it and,1.0444375087055382,1.2419258784915024
it as,0.28828104720186754,0.3342058366761459
it be,0.7921387201444552,0.44616980039144216
it but,0.24999030120313126,0.3976785201910013
it comes,0.43009102386961257,0.5538726195722522
it feels,0.6083312129535623,0.061248086846376386
it hard,0.5197024519207333,0.16942717312657365
it in,0.4753968000529897,0.4985864214087552
it is,1.205896846642705,0.5281874165875987
it just,0.8540460252311877,0.3692811961249559
it like,1.0180950662860189,0.3030466515040785
it made,0.10982375478169965,0.5916073906132134
it not,0.16235369546162698,0.4576111832180132
it or,0.3786048019388744,0.20774018131084832
it out,0.2080385555596675,0.21082282528932678
it seems,0.38704499765529055,0.17886093991378213
it so,0.7313064001955822,0.0
it take,0.6002269899994205,0.4913607155393092
it to,0.8451292119614878,0.8595970884239696
it was,1.3376242418862092,0.603898827944794
it work,0.5266611807666213,0.7729619904764187
it would,0.4612796011808198,0.6334398870699702
its,0.7778196784839786,0.5402263288244069
jeans,1.543390128468534,0.34901099239218675
job,2.750574614093276,2.2048833135348676
just,7.157926263472994,4.038281923606745
just curious,0.7114361184838021,0.8261373185640546
keep,2.002021230521108,1.5609249727477605
keeping,0.5760529473431201,0.57491747485656
kept,0.2586139793732851,0.43477037036397653
kid,0.5416085032997058,0.4390094629224966
kids,1.0103579952360981,0.7634442813196188
kind,1.9211542712750231,0.8478979696063085
kind of,1.805812907956395,0.7310476853420089
kinda,0.822616779940203,0.1420718741899777
knew,0.8134160818191296,0.7736348545494098
know,4.553329131108182,3.505159721607098
know how,0.7680620133977365,0.20790998028273266
know if,0.6964420207818514,0.6857311084673183
know that,0.28252771373671404,0.29914572058395345
know the,0.32176636670684056,0.4901212723354952
know what,0.8156049225115638,0.3823702128330193
know why,0.6348438605343223,0.0
know you,0.5236073813230203,1.346394709416672
lack,0.8937996802502184,0.24467905499246692
ladies,5.716789753639364,1.776236875526531
ladies what,2.4116399076486577,1.4729127267759463
ladies who,2.4507559178246345,0.332623802253319
last,3.117069552696352,1.1337685212241788
last time,0.8117423366574996,0.6412685116438901
late,0.5766437712583399,0.0
lately,0.5502821278407395,0.8451726735056093
later,0.5706790974819581,0.891296745665715
lazy,0.9637664191180995,0.1536182988876597
learn,0.6979545372902323,1.2364932188863784
learned,0.38047630816763195,0.7625805262783056
least,0.6205071789612033,0.5350644424422542
leave,0.4716775626581143,0.2920012005865212
left,1.038903366261999,0.5553243411426215
less,0.7037862810122438,0.7585774628336399
let,1.2686693259415502,0.581101141998957
level,0.49906086242355,0.6152858047264191
life,4.962612185915893,4.466336312064736
life and,0.654679215876466,0.32867937269283687
like,9.09761081908826,7.501799289293234
like in,0.562909091991002,0.3928669797659988
like that,0.7515842082553379,0.27453706743336626
like the,0.5476745964210811,0.2969558002149439
like them,0.11133904145280635,0.6270854420505012
like this,0.5937356815697052,0.06485846207155459
like to,2.2387972662529454,0.9872749485836672
like when,0.6490814994732472,0.7471236742784605
like you,0.7180482546871167,1.0130514068116852
likely,0.4415644536833887,0.19542157244179945
likes,0.3788030698958809,0.5738099938137321
limit,0.4885024439517058,0.5129279673147462
literally,0.6408811771348295,0.066304049112612
little,1.3302445303368122,0.852575953118627
live,0.6862251513326059,2.5903896861794835
lives,0.27039722648955555,0.10436957791266065
living,0.6021337559885046,2.00714842175067
ll,1.4220814087091695,0.7800754034370136
ll be,0.7023550403187724,0.30684596662903174
lol,0.38646512002024125,0.379312712308856
long,4.3697253393505315,0.8975821572239471
look,1.9328191451524817,1.3827345222700111
look like,1.315997669041739,0.14097487846231715
looking,1.6974722606451,1.7753951271064532
looking for,0.6376079642478546,0.8428942028394705
looking to,0.5702410829474178,0.23711338421923617
looks,0.6330695820854918,0.07419959592355421
lose,0.7261666690636769,0.9982559254662343
losing,0.663380766590744,0.15132861535145353
lost,1.264999811825191,0.7248958289471059
lot,2.389114165296806,0.9744265172897938
lot of,1.465692457749475,0.42750335045407795
loud,0.5116642961139546,0.0
love,4.052174834227347,1.6824052482954512
love to,0.6935087515885257,0.06022956201339472
loved,1.0084997509518097,0.20740020580226065
made,2.75072089245394,1.6458394378684733
made me,0.1770852271784337,0.6377990226162102
made you,1.6767147693639395,0.7921787494514804
mainly,0.3323564510625641,0.11643212771598613
make,5.8836330292479175,1.7596544628996063
make it,0.48975811313805795,0.357622726697539
make you,1.7964588079635113,0.8741628343686708
makes,3.752482507142334,1.4375883081111926
makes you,2.7484217388670933,0.47954578972038553
making,1.307538357694848,0.024115924735506385
male,2.0660080178451734,0.8698643689684126
man,2.340931238112457,1.6044163909653482
manage,0.4333742717212222,0.41154563144697054
many,2.2823222555558598,1.8411179898330015
many of,0.8090084164248077,0.2303927885161406
marriage,0.5965218890929205,0.508141110118058
married,0.6400293685519882,1.7651314083707554
massage,0.41387405128557947,0.4116612382776266
matter,0.22048098352955015,0.3731508247627786
may,0.7168577889217542,0.2944410319359887
maybe,1.1536666746209303,0.45459119493726224
me,6.180700477489819,4.51617201775993
me and,0.29503984085129475,0.6187302011717088
me as,0.218022272231015,0.2019814037929264
me but,0.3546276899979831,0.1470967491530039
me feel,0.1938494830927328,0.5328012673399012
me in,0.15672716783657825,0.06206546877765141
me is,0.5977326135926484,0.13380380784603893
me it,1.0041537079229397,0.281541599127246
me to,0.8438886167189026,0.4776105352883474
mean,1.177848070363623,0.7036841626372877
media,0.39281419911719456,0.7924790170996892
meet,1.1848087683653987,0.777969971125737
men,6.526818266930815,3.519607984973268
men of,1.6824398824186015,1.1853796703975865
men who,2.540025021525388,0.18924309763549418
mental,1.0946070772798009,0.3885553981755209
mention,0.2982242207251842,0.5347457313448774
mentioned,0.6017397734807968,0.0
met,1.0244157039259378,0.883947300062492
might,0.940095907962052,1.1560178542749044
mind,1.0833247017266137,0.9513733561039949
mine,0.5471156650355034,0.9689198263591752
mixed,0.22684722677156705,0.32810332350479143
moment,1.0996162800962879,0.7615896483980047
moms,0.677284437880033,0.97373517621561
money,0.8345668425118714,1.2698534551446163
month,0.7486997662386055,0.4953773166618892
months,1.3273802842707403,0.4969540689258958
more,2.1114562618927772,3.461719716236708
morning,1.1702418876322187,0.5018137407542261
most,5.722372036363095,2.175941506277209
most of,0.4247273764148089,0.7193554698481609
most people,0.8255524937821666,0.1761807328411047
mostly,0.4183105109843206,0.40977644460068896
mother,0.9443713693300717,0.5103299458824162
motivation,0.6113600830357155,0.5879738409937922
move,1.3224522923317203,0.7578559059417341
moved,0.8001237637120262,0.37947849500742703
movie,2.7018626150421023,0.7696103606243573
moving,0.26037209350078655,1.3482388172658721
much,2.5326261175660494,2.4327059338641326
music,0.21551924275304743,0.7243662162729121
must,1.1770074822261827,0.0
my,9.004475320529021,7.390245930405586
my boyfriend,0.4879766728721968,0.12812509315062676
my friend,0.0,0.38051644711300514
my friends,0.22272166618520992,0.4819211690789532
my girlfriend,0.6549076207711204,0.6121534488874765
my life,0.41481909937382355,0.57970350568159
my mind,0.07122412291926752,0.34621780102772504
my own,0.6330531431162798,0.21645279221427574
my question,0.2670856989459713,0.2746767122441961
my sister,0.33119676378795315,0.23741914929031271
myself,2.0211777849229726,0.956523864444716
name,0.7669504343851501,0.6860202835915954
natural,0.603099701815152,0.40253607347820203
naturally,0.10368296481357558,0.4328359424187874
need,1.853328111354339,1.4865297743478945
need to,1.175506658634416,0.6318623668335684
negative,0.24961487837369317,0.5856357522778497
nervous,0.22941381878728062,0.4750540648900747
never,2.8254487895694633,2.050101094917764
new,1.6690074523729164,1.11139881747868
next,0.6634502883706176,0.352220389505248
nice,0.5762493410337837,1.1149689665988671
night,1.45568445554776,1.4014798127361154
no,2.4769966498465013,1.3776393598833905
non,0.7770840242127992,0.6603567402274778
normal,0.7539542718495874,0.22757453023458082
not,8.054182854596222,4.688790827202785
not really,0.3539648839686118,0.21711394101145753
not sure,0.2934541880216265,0.8615904103024468
not talking,0.3405799854407333,0.09539902482019537
not that,0.4103456315320719,0.06268452188742263
not the,0.827264585510948,0.16012130539399855
not to,0.03965799180010566,0.5095261242989586
nothing,0.7247759753555177,0.8961653581042863
notice,1.0072477388318712,0.3560207528427649
noticed,0.36202042689581104,0.3026665879332645
now,2.8385386744891146,2.6881103276543654
now and,0.3089975879546732,0.5283102133363846
obvious,1.0673748574490516,0.0
obviously,0.6378136112667656,0.1405791662031354
of,22.251476122651454,11.496621961352307
of all,0.8465262495797872,0.11509491782111647
of being,1.300941791188225,0.1601090575173452
of course,0.4656890473354741,0.22741491826230675
of her,0.2077515013552022,0.5405484909068906
of it,0.5037407407566554,0.13744601106681606
of me,0.3901913339804809,0.501391438291762
of my,1.403443796232969,1.4957691645065108
of people,0.8289524644159931,0.15676553689863781
of reddit,3.5421050920581845,2.4764723494341725
of the,2.325561599523577,1.6809376272960388
of them,1.0800284490898826,0.3167585698241416
of this,0.46479371989225426,0.1374207091895799
of those,0.6716712687481838,0.18137202061807078
of what,0.1328989383658313,0.21367156390881004
of you,2.708587370177259,1.5246281792697995
of your,3.282771387367495,1.2955301211790642
off,2.4418618898732105,1.5352556353855515
office,0.5911428192962788,0.2524534997261882
often,3.3405033798837294,1.5180642957288462
often do,2.6733171667853766,0.4676963113519247
ok,0.5979811421694534,0.3195315589117578
old,1.391557903469065,1.60501166432606
older,0.5599480452145355,0.7855522549351739
on,10.953823694948072,7.50286097756942
on dating,0.49163533843325746,0.6413232752019521
on how,0.4007871351312772,0.34709161675473754
on my,0.9554726669610731,0.5393805702348657
on reddit,0.45431812290547763,0.27602882776910337
on the,2.3221682644707564,1.0137990456961623
on this,0.37095737307729876,0.12433513184333453
on you,0.47055637100560743,0.5972036509125465
on your,2.200620836292494,0.859093886513673
once,0.8795624076382386,0.4732112581528738
one,5.397788333471871,4.229614588047595
one of,1.6177155192400903,0.7108543685397217
ones,0.4360709390834582,0.8195115262118492
online,1.858101342842667,0.5423385550176045
online dating,0.9482407938729828,0.24183924674406843
only,2.699188873950563,0.846364355970488
open,1.3883359852395791,0.7410895553115404
opinion,2.4264606957542254,0.875467120877987
opinion on,0.9466221769946038,0.5871928467323733
opinions,0.28330995410316906,0.3592829107854205
or,14.120438415044479,7.7244058436344565
or do,1.5006258464035396,0.0
or even,0.4069606661812881,0.24327147915123495
or have,0.3433833361881466,0.28524261388378885
or how,0.8560360334604675,0.1787746028040089
or if,0.42636238769012014,0.08662021713053786
or just,0.3740529166803678,0.3257251141690131
or not,0.9420848107664991,0.32042711321732553
or something,0.08003126487913587,0.44642940886893384
or the,1.2899800253975982,0.15429257184144562
other,4.420671988323129,2.878155506426796
other guys,0.11969654031768404,0.342936672411887
other people,0.7501029550200351,0.33753772732328713
other than,0.7851446287215792,0.3726642816464603
other women,1.3423783703614482,0.08812444843787853
others,0.6041332674328554,1.0064501906646899
our,1.0923496837378066,0.6651806608803048
out,6.4224283739694,3.883931432625373
out and,1.1374129735666156,0.09196915124008996
out from,0.19521502175391664,1.159788027839601
out of,1.5616249331071494,0.9697484066514732
out there,0.37214800330907677,0.7161692007261471
out with,0.41224427415596177,0.17075174309780947
over,2.8523390371168986,2.1658933465384584
over the,0.7968763435939663,0.0
overcome,1.3148360207254166,1.2856175375817105
own,1.2238609323641831,0.8329795993902932
pair,0.8477467220216797,0.3915846273961271
pair of,0.8477467220216797,0.3915846273961271
parents,0.9897663545119751,0.960788822291254
part,2.4619495634018125,0.9418764778840356
part of,1.2435978963655094,0.6199819559681135
partner,3.8001089698672934,1.8122473389846114
party,0.4713077939157499,0.7104750238587593
past,2.0200166500997994,1.2632183544083133
people,4.948036086858761,4.089486308334822
people have,0.42519643972396753,0.21510338705352966
people who,0.6220452311401058,0.9321079660306526
per,0.848392034572927,0.2714935565244329
perfect,1.3487464032340004,0.5626184766224789
period,2.7555134772472245,0.5005697481692989
person,3.433162081740453,1.647246560143194
personal,0.7175810366650908,1.942452666920446
personality,0.2250798271935224,1.2387642030696677
personally,0.7226872318052807,0.2710535144004649
pet,1.3555829882994104,0.7616026748967295
phone,0.5165485915705528,0.2532366739180929
physical,1.4973906546703242,0.46730603689274813
pictures,0.5381122543252321,0.24896603897118758
place,2.0452633653777905,1.0571929598868937
places,1.1436506376136109,0.5036357313662033
play,1.7963272139382822,0.3743722534552225
playing,0.11703015386679602,0.8310203769296995
please,1.5618963411108926,0.44187013582251755
point,1.2651601949740818,0.6804422031007297
point where,0.15496579187539464,0.3134839834135445
position,0.4475354982314358,0.9166870108854395
positive,1.9547353092448305,0.8385471617012744
post,1.1549748552747168,1.211901630431121
potential,0.2525698192554294,0.17662161592464684
prefer,0.9128917940911403,0.7095483134629583
pregnant,0.7140031607740599,0.6878143068158581
pretty,1.58953279927434,0.2975299542190115
pretty much,0.4310898687607307,0.16482212453839676
probably,0.5581366101841817,0.18968394355794665
problem,0.5081524564728841,1.1431510432816057
process,0.7609326342574113,0.07042609876402157
professional,0.9196138389107276,0.18445499617237374
profiles,0.0,0.9245906381266384
public,0.5901996355055678,0.8347800799992682
purpose,0.38440389964022925,0.6070121975336563
put,2.001403214120964,0.7670840898940205
put in,0.19611081113404735,0.7891798750989047
quality,0.8489399238179722,0.7222590048479275
question,1.7345995130394765,0.9843846932858565
questions,0.9532980671126375,0.3820525088460144
quite,0.8183548229933819,0.10964911402404649
random,0.9023740268486067,0.5403533657074511
rather,0.7201368118608723,1.2281653823453105
re,5.039212534856753,3.0876426350205155
react,0.9208106872477402,0.9360585008033588
reaction,1.207210480215829,0.9305609199729195
read,1.2266393011007086,0.7993194138890697
reading,1.1262921729464423,0.026367829116953054
real,0.8833743495896952,1.5291734057623962
realize,0.624370502352603,1.3481969167303742
realized,0.7825068203534105,0.3677238132863894
really,3.5404001327485717,2.6732928290562135
reason,1.2636061785982706,1.0239853037364393
reasons,0.2883705466858688,1.1073502071533334
received,1.719669582118906,0.0
recently,1.4050761901597741,1.3600499271283635
recommend,1.8118942747938764,1.0457121876466595
reddit,3.6623828400238954,3.128082389203846
reddit what,2.1262164505189474,1.1966200136263812
regret,1.075780358404065,0.26481022952507205
regular,1.6319179356476885,0.21625470704667343
related,0.49827713878261726,0.2444358477185517
relationship,6.29138201857165,2.2390786506412446
relationship with,1.6309294469745799,0.6134557594104707
relationships,3.0018996718313544,1.1809478584508832
responses,0.4152137270040509,0.28793426766527164
rest,0.8610445200785481,0.07228913529460007
right,2.13783040260145,0.845711413210727
right now,0.933617368404243,0.5302834936387084
ring,0.30243524391575594,0.8385013470740943
rock,0.5603123946618025,0.8603555380242545
romantic,0.4506594070431768,1.1067453500722835
romantically,0.0733869601080087,1.0665968418118934
room,0.6629869152674699,0.5067637345436389
sad,0.4924040416836034,0.07021245684534
said,0.8359375430255036,1.8160010955899746
same,1.789088337941641,0.5370380784726778
saw,0.9007627673933736,0.542620049610377
say,2.628535044529949,1.3551195253614152
saying,0.5574601401282157,1.3373287783176318
says,0.6239024997796466,0.7700939025201293
school,0.7732031426412804,1.2724930704643882
second,1.9006767857061824,0.2624524580923757
see,2.5820598084114743,2.626667392295051
seeing,0.6865404827604997,0.36049040972142693
seem,0.5355804849283302,0.8105976697813382
seem to,0.17444492091209843,0.5071479196795615
seems,0.9468716329742193,0.721775269200468
seems like,0.1538735033120358,0.31012227621096583
seems to,0.48419941839521774,0.28243392577004234
seen,2.6558393774910063,1.3714222567587628
self,1.3488525160267564,2.660832684425861
sense,0.36642864705450606,0.11062046045854441
serious,1.0216699830942342,0.8027603120590521
seriously,0.3756446122085276,0.17850826038873488
sex,3.493005975539859,2.42918858914549
sexual,1.7438408043992117,0.6011521024678987
share,0.6905100746114097,0.4849229488543318
she,4.08629573272665,3.1934060992610336
she doesn,0.15510472258506056,0.026367829116953054
she is,0.292387231837569,0.20541104111816544
she was,0.7321418132098049,0.5937671860794357
shit,1.051200549008127,1.0897092307262017
short,1.5282636567487253,0.8016261952141541
should,3.6465988474126365,1.4061075964048162
should be,0.814718175610447,0.2963354553274221
shouldn,0.7013800449424846,0.19007752045867835
show,1.4778643582329576,0.9208664936393139
side,0.19681218379949708,0.963913990548447
significant,1.5721519020038932,0.3152145516192324
significant other,1.5721519020038932,0.20779655315099693
signs,0.6819838163224139,1.287345481265291
similar,0.9805260049245208,0.8043882135021012
since,1.2734627772818448,0.2739098117715198
single,1.233241268779186,1.5309191458539
sister,0.40449263508219246,0.29473901629020716
situation,0.7714079306785931,0.4309011548094577
situations,0.43298598634713137,0.3918108259930163
sleep,0.7085184401340349,0.8060708918662911
sleep with,0.7443176994779466,0.0
small,0.2623186971130265,1.0023525490559466
so,9.499680379412279,5.748726664580284
so how,1.8706533757372237,0.28659993923797683
so it,0.4077019873372385,0.39104091878230074
so much,0.5318538106158895,0.7018186396445774
so what,1.4130367819949399,1.1239004887796809
social,1.2653233010678488,1.0350054458828801
social media,0.39281419911719456,0.7924790170996892
some,7.2684901812787714,4.495157652784748
some of,1.2110962123260574,0.32682022755043927
some people,0.3728291356411369,0.4122142649235292
some things,1.025112968258141,1.169082574006448
someone,5.280332975120753,4.298162934562011
someone else,0.1217617737345908,0.7750918033585286
someone who,0.8225961226505826,0.1624563090331584
someone you,1.018751259209452,0.540437537894656
something,6.253682949646788,2.9534713927373417
something that,1.9261857165299667,0.8210381514343148
something you,1.53515295318402,1.067392886790727
sometimes,0.7119558169965624,1.0578145056038002
song,2.0380614304333844,0.5512936422653547
soon,0.5940303371079829,0.19182929958090822
sort,0.813281110778159,0.3650671994697223
sort of,0.813281110778159,0.3650671994697223
spend,1.1636562571208902,0.7899635138518507
stand,0.5787972567996965,1.0892968781455972
start,2.096380331168997,1.4362169519930132
start to,0.5175369762919749,0.46051870342889467
started,1.4215308727192804,0.5188891857314633
starting,0.4935512179269954,0.23854756844463176
still,1.9810393344488662,1.544578405027359
stop,1.349017147062761,1.1385954784880006
store,0.7160228574275112,0.3805016023494957
stories,0.9231889506843671,0.4508236558539699
story,2.258473547573471,3.014401643884013
straight,0.9327815804231808,0.8839483893909679
strong,0.746206492668628,0.2975166758453803
stuck,0.3367233739547283,0.8201419780982273
stuff,0.8244207973365585,0.7207142434923377
style,0.7341780179194688,0.802884697625746
such,0.9875707112649973,1.303056953110838
sucks,0.2574136846337778,0.20550522189990694
suggestions,0.698074674959817,0.276579386136213
super,0.8905043699343365,0.4166275212182536
supposed,0.35767800397990485,0.2885138707603333
supposed to,0.3671399392467124,0.23180338880996204
sure,1.3334414306137237,1.1922394355175445
take,2.665400166651723,1.3099426766392284
take it,0.6980019985959542,0.10224790680315683
taken,0.9050454484467076,0.5207936146601368
taking,0.9467116320396827,0.7465502040829284
talk,1.9721283723615326,0.9682328829777251
talk about,1.5487808387112618,0.4258782121682218
talk to,0.5674400044726965,0.10545037456507171
talked,0.5311202599421383,0.9526221817909444
talked about,0.2003316494957549,0.7149621922451257
talked to,0.324705635085602,0.21872932537333997
talking,1.3495460325359583,1.0135773452782868
talking about,0.7726843804527552,0.3989118867507154
talking to,0.3437240740969323,0.39437506405624817
tell,1.4495145937864415,1.5797367374126239
tell me,0.7158266754478887,0.7193714104901796
telling,0.8904606450730813,0.4843385407468154
tend,0.4504158536743692,0.28801659714616573
tend to,0.4504158536743692,0.28801659714616573
term,1.1303666601038824,0.4232459328609612
terrible,0.4449906270282456,0.43863931254523125
text,1.270845092131777,0.522266385334949
than,3.4053756069958663,1.508343777400549
thank,0.5858687063967408,0.36009681763479817
thank you,0.5364482240976325,0.36009681763479817
thanks,1.6236838871224215,0.6270040572768241
thanks for,1.0481734004013061,0.16740753284794502
that,16.291291582076717,10.17333809764213
that can,0.49841098867297073,0.42270024041859344
that have,0.4706201729350881,0.5548717133719601
that is,0.2037206375934519,0.5441503594260191
that it,0.5064080315077923,0.34214060473297936
that just,0.5469471053805358,0.24949697642812002
that made,0.7360579814487533,0.32034531789642773
that make,0.2517591576616356,0.6208745371389188
that makes,1.0426742648141876,0.40633294402055076
that my,0.1379217728915575,0.37420533020800306
that she,0.6038355681558181,0.29807790483773844
that some,0.5904803870026055,0.08660633969153053
that the,1.2981895608777891,0.31379857171778214
that they,0.38408764712613264,0.9525025237982111
that was,0.5473973125626892,0.3660700964801933
that way,0.5318867052171538,0.4164132219153038
that would,0.49568234396792393,0.26807447831568226
that you,4.939360250148179,1.8930872091292308
that your,0.6908622787684725,0.5759578070887078
the,29.164440209239544,15.120878397533993
the best,3.7718669647295515,3.1852114625653245
the comments,0.6369589438729796,0.0
the fact,0.6206689253957911,0.4029875868234907
the feeling,1.0690354345953992,0.0
the first,1.2517904506327715,1.2479306730703954
the girl,0.4465825965243902,0.23115596195452712
the guy,1.074346781329838,0.07402140943320927
the gym,0.5036760593947821,0.3598948785530978
the last,2.124368449462601,0.5984476545776487
the most,3.7980192230338754,1.1409756835831382
the night,0.2626200602406396,0.32572254427620356
the one,0.5210093571435883,0.615860453814676
the only,0.17049183467067092,0.3525294141771811
the other,0.37203946416157174,0.9128203528998328
the past,0.8883950952536321,0.3811642883327384
the people,0.1296537515765969,0.16356159151015026
the person,0.6644690998573582,0.0
the point,0.15496579187539464,0.6106044211347674
the question,0.35412021021828594,0.2707474539098463
the reason,0.4517566499551562,0.41638822265845343
the relationship,1.6508263073160707,0.5727418789013665
the same,1.789088337941641,0.5370380784726778
the thing,0.6045531818975081,0.2345526118585235
the time,0.4685500489981996,0.42456583085283306
the us,0.6812026897202306,0.4757701180815149
the way,0.6185086423916313,0.0
the whole,0.2743371573447597,0.3360841885229563
the worst,1.9139421317357694,1.4582688755345083
their,2.909156927398019,2.347011576958048
them,4.356453372453147,3.849430857688447
them and,0.6378799399962339,0.36271713843994685
themselves,0.9054608795378956,0.47976433253089334
then,1.2380597120083037,0.8829572055333383
there,3.784541213951821,3.9069434569489205
there are,0.7959015793732958,1.2328545687209118
there is,0.9621085803668039,0.0
these,1.0453292362188145,0.3078816772920382
they,5.056659899203817,5.325328966101242
they are,0.8315073211737819,0.5802665328663033
they have,0.4926032947292108,0.4026503852819183
they re,0.7929780259796767,0.46605546418400035
they were,0.5618974391311875,0.7229595614403652
thing,5.1433751742480585,3.8637533384883844
thing you,1.938954654041357,2.8187875792081907
things,3.7452639752845576,4.495026730037033
things like,0.051647957453345834,0.9180428693752827
things that,0.675333001067313,0.942028069149439
things you,0.8570435313383724,0.7357428085359126
think,5.720623048909898,3.3436444379322636
think about,1.119052658829502,0.9464490480818103
think is,1.252172005395313,0.02568827708362552
think of,1.1501647953196583,1.1415432745158516
think that,0.6632757578303576,0.3228689654487112
think you,0.5940492616253203,0.7691121797509097
thinking,1.6955741535268705,0.7196930328064604
thinking about,0.5286499812308145,0.21576088044583056
this,7.0855484580461585,3.706150908102391
this girl,0.2060737755685016,0.22683683905290475
this is,1.6123362889665542,1.0399014563267963
this one,0.3749509330689009,0.19927965635326858
this was,0.188015331965579,0.20580551138368675
those,4.768054474956527,1.6114070149100927
those of,1.5805924702966372,0.3637313145634332
those who,1.7530067377401706,0.9381638574681497
though,0.8592957236157276,0.40674458706378275
thought,0.946271597314702,0.761268985518688
thoughts,1.9124800282913164,1.8391804069454736
thoughts on,0.8905827591197754,1.2300614324976302
thread,0.3780313830759109,0.34770874219158016
three,0.1563960914426208,0.2612894483495293
through,2.475524630752217,0.8006711460430705
through the,0.49916961390243336,0.28673804826000276
time,6.08480068017354,3.26152946395547
time and,0.33635237300542836,0.12700420381647212
time to,0.6145337271300487,0.4529232319292385
time with,0.33758173714819295,0.5447565486405399
time you,1.8657488059651353,0.7651490748239144
times,0.8531444861340008,1.039856035884172
tips,1.2675660240067053,0.8503886500547144
to,29.55396310763236,18.7567433109622
to another,0.15028667535343504,0.532458246688491
to ask,0.6720157420827393,0.3989935826345558
to be,2.232784032417745,2.4828423686197625
to come,0.7442487495775936,0.05273565823390611
to date,0.4892892485102372,0.35723715320134275
to deal,0.664333094939128,0.20512685356674382
to do,2.8801273044153892,1.0425596306240668
to drink,0.40386417541395575,0.34420329713430176
to everyone,0.9985778712287822,0.0
to feel,1.2933793382335697,0.44082771068284315
to find,0.9147593579725031,0.4975022575997043
to get,3.222935841723787,2.3739569206828453
to go,1.4594891507844638,0.672608424648792
to have,0.8955391468408677,1.6991383197946557
to hear,0.9008469818895655,0.19304407230273232
to help,0.6999633252835616,0.37685874236483585
to her,0.29571947486657235,0.5883775177248358
to him,0.289135338258332,0.1693520497582583
to keep,0.22364650182557816,0.43708055118645484
to know,0.9138185283489536,1.280206726676047
to let,0.42612816550299015,0.07616245571822972
to live,0.0,1.3810118898343964
to make,3.228318857842338,0.717502042311881
to me,0.8269695805643924,0.33448191707801467
to meet,0.43944125794899536,0.39890542975607723
to move,0.34448120042432717,0.4445127567898759
to my,0.2745770264493297,0.7655653035074267
to not,0.6724385690261436,0.624034625437658
to other,0.4104896387090136,0.35729628953753856
to say,0.6093680152622596,0.32590903077660727
to see,1.4554898522985618,0.9254043498755463
to spend,0.7972641115350385,0.21270087585140457
to start,1.0143638449344823,0.5026347224693029
to stop,0.29698771858828826,0.39318790827911587
to take,0.5100698333516267,0.21829677917439239
to talk,0.8843349445427995,0.25148633816942245
to the,1.2100115912841853,1.2268566750604717
to them,0.7169921586141512,0.13380380784603893
to think,0.5293663758497862,0.3548635686456813
to try,0.49525787370345825,0.2638309932900703
to wear,1.3034267494570093,0.0
to work,0.8816776155183208,0.24659759925881267
to you,2.3882744807677785,1.9926221327827491
to your,2.4161905087449904,0.24540689260988433
today,2.695389128830618,1.7281840108901467
together,1.0854590621228934,0.512863911310071
told,2.0710304882680997,0.9475084006563468
told me,0.34627221528121366,0.29238410825570815
told you,0.9124296647660946,0.0
ton,0.5251651395351822,0.06025238801358481
too,2.518054952971062,1.9167201835684424
too much,0.4342013448173896,0.38294089592377645
took,0.6951889172586985,0.0
top,1.7395648282750968,0.21936636479501387
touch,1.1033302512758634,0.0
towards,0.25174195587862347,0.5464818828784683
toxic,0.556840602920339,0.6493220353120503
track,0.4734893738791614,0.051723447809222764
training,0.12655020659100746,0.2655272618190804
tried,0.619969017713893,1.3044885062268392
try,1.0209804323325415,0.8381299990444913
try to,0.4398747747058185,0.5382130900630643
trying,2.336436875868922,0.5561943709008265
trying to,2.210822197005133,0.5611798658007395
turn,1.3322904431236267,0.49912940615454987
tv,2.306981928525426,0.0
two,1.1231236235860012,0.8274778315261241
two weeks,0.35322865296534434,0.16658036331605539
type,0.9890580631097796,0.8561783023602663
type of,1.0648930404144008,0.28658995598053527
uncomfortable,0.7053042906439749,0.4869172348664441
under,0.6324116734685725,0.8387983608241735
understand,0.501845835567154,0.4321501542185433
unique,0.5390361685653926,0.7157231486827419
until,0.8473144613075876,0.7114634083039977
up,5.491454043265257,4.368740317738235
up and,0.39973121908879944,0.6264446024423461
up for,0.6527707621895575,0.14101689073270215
up the,0.5483890902559159,0.3490156487354967
up to,0.24699009051738272,0.6385981159856653
up with,1.1157845646681674,0.2240257493535344
us,1.633899241362497,0.7282674477453167
use,2.015760108069533,1.2641430718613047
used,1.057822528509094,0.9702189867809743
used to,0.8111910295715602,0.7818736963758164
using,0.7138189544937399,0.39243630788048073
usually,1.4264235190430554,0.9414849710814801
ve,6.49831770260477,5.430247941146527
ve been,2.027064607884898,1.3466598488752588
ve ever,1.2165597263975938,1.989685949345857
ve had,0.7552984352459637,0.0
ve never,0.34307246600151,0.52994584462423
ve seen,0.6362669560356431,0.9803616917231671
very,1.5983481066646277,1.0200325189276414
video,0.20089151773500807,1.0749467719621044
videos,0.4854433245517726,0.14658847386291396
voice,1.1924335643088058,0.0
wait,1.1884364107038332,0.0
walk,0.5956254944380466,0.0
wanna,0.42882291029825864,0.2886788156020415
want,3.541351397266638,3.579233118955728
want to,3.255138898996489,2.5609069099396926
wanted,0.9072811275286432,1.610346459379487
wanted to,0.46961186913251957,1.374944214907139
wants,0.23753280165281704,0.34926213226467373
wants to,0.053014241162851895,0.3115959505372079
was,10.436662167371976,6.756201802618409
was it,1.3706087179744113,0.26548869150425186
was really,0.0,0.4374569805638603
was the,1.7877040814414635,1.7851162880324831
was time,0.8840665411012563,0.37620966157983177
was your,2.0473973311518323,3.0444202594318437
wasn,0.5119202393925536,0.672540823154036
watch,1.5525812659451388,0.37472252044272303
watching,1.0163991279214497,0.09992772848727446
water,0.5651256717393409,0.15467984089386191
way,3.609641064482828,2.0840046245632564
way to,1.4431656934157138,0.6051519107396479
ways,0.9060299651251766,1.8127049241591848
ways to,0.9904910948210328,0.5617345748726338
we,2.907735352154326,2.3314380099861434
we re,0.1007065557512413,0.510903380127725
we would,0.0,0.47401603918092233
wear,3.4672091750989296,0.3155482640093703
wearing,1.8533687634096305,1.0521277947098593
week,2.104537964194355,0.8649463202562769
weeks,0.4078388018784188,0.6131959318241016
weight,1.015097708246129,0.8842552225374661
weird,1.3108125677125966,0.3473939038828663
weirdest,0.4247238031704572,1.186198859693061
well,1.1432523006895323,0.4899162376540016
went,0.4025618690154725,1.050181145509218
went on,0.09941330636623438,0.44434065763082486
were,4.595188938617867,4.826622607606768
were you,0.8178505784424914,0.5908159780572874
what,31.53446363126051,20.296435448551392
what age,0.39901430193756,0.8128062946190339
what are,11.414047629165719,6.13437318172796
what could,0.655312378594183,0.6636177965092067
what did,1.7221366979348887,0.6764123890180537
what do,5.851198911820008,4.907456492915955
what does,2.578119246255592,0.5094591080088948
what happened,2.3546662853721667,1.2463710770510064
what has,1.3527462316485364,0.3839553596519875
what have,0.8233951943034055,0.42386088533346605
what is,12.036809026246893,6.286160447128523
what kind,1.2715740197034915,0.0
what made,1.3863900391975024,0.8352740856125622
what makes,2.5506637165623935,0.4608829665341598
what should,1.0671233613098772,0.18701853033707455
what something,1.4213833076730777,0.8420278771152426
what the,6.584771363673468,4.852854554401647
what to,0.7170459565123617,0.0
what type,0.8897198685978831,0.44341841502920915
what was,3.2827861105039395,2.6425026063779957
what were,0.45332199439922227,1.5297593699263987
what would,4.081535110983308,2.5014468805481487
what you,1.0452746991626267,0.8331080700133204
what your,6.332336305956139,4.308392550764463
whatever,1.0953582683698253,0.6540055797503219
whats,1.0713011479471235,0.9828191593838815
when,9.99848316806072,7.9140325823082485
when did,1.2254195479469119,0.981064985725804
when it,0.8734294712506185,0.6647662805585042
when she,0.2502192712517148,0.3675098955020601
when the,0.52439838386876,0.17606273530977623
when they,0.6393344201501421,0.6772127448623906
when was,1.242660474833194,1.5000061103644287
when you,4.672671785342786,4.533129119271787
whenever,0.2163464173123233,0.45744808671911813
where,3.409199294301274,2.807123684565617
where you,0.6832541051841141,0.9201521052170314
whether,0.6300288258794742,0.22280241757092942
which,2.839629248622461,2.2461709885360888
which are,0.2668144507931914,0.2923243038609638
which is,0.6466920166289686,0.12846626657701016
while,1.8349455986915113,1.268427938135471
who,10.063486820192962,4.66785286419349
who are,0.9536908937528366,1.2768860672418931
who has,0.6549533229849724,0.33453055661203296
who have,3.7839951889330816,0.7526313423976605
who were,0.38878514558599253,0.9886275223493428
whole,0.33936144009448693,0.8974655257075076
why,8.977680711048503,4.276610399019691
why did,0.8664154990190354,0.5427306555054232
why do,1.6277921100660124,1.0617306167108933
why is,1.1994986071610123,0.7304025863785847
why not,1.3100075719631583,0.31894451410247043
why you,0.5355257303124187,0.2825844148124145
wife,0.7038766363905256,0.9489412979213234
will,1.6268680350197289,1.192588278604727
will be,0.2864309049924176,0.5821303241053711
wish,0.9704279054113475,2.140672950030158
wish you,0.43715623140675386,0.7011851952478101
with,14.15517746645064,8.898438095055972
with being,0.5211587966164914,0.6125602870935347
with girl,0.24513146475150355,0.38435810521017094
with her,0.526461751140795,0.12845758239517813
with him,0.26248710134572417,0.1640318615672585
with it,1.3376046426251726,0.05767795676855202
with me,0.37626485129698906,0.44293432405832506
with my,0.6064010301409849,1.0588850528463354
with no,0.3612917005746443,0.4004335754676809
with other,0.5037519265810604,0.19984032164130222
with some,0.343211405613176,0.4492634130379735
with someone,2.0310029247727917,0.747824010493044
with the,1.6619638154835896,0.9458057145405567
with them,0.4408443188803606,0.15280666800464612
with this,0.5259697607056338,0.3766548050095673
with you,0.6214997579631284,0.5177337515395425
with your,2.987567422425626,0.6190578588944368
within,0.8587949590763216,0.0
without,2.362014579171877,1.9154331611169755
woman,6.1285444553548984,2.9102782417016106
woman is,0.6380470765188622,0.1233400998746141
woman you,0.948769630051588,0.64277986636629
women,7.166469860312263,4.849251147112197
women of,0.6070870568468463,0.9346210372193684
women who,2.8837206899037615,0.7266278141924797
won,0.466358229786359,1.0387612161433537
wondering,1.1445997242428638,0.6256484197151126
words,1.0240218001458736,1.008019562266602
work,3.365742979206288,2.9926920893475604
work out,1.1105949945528748,0.0
worked,1.0942736331696727,0.355507438619066
working,0.5608774649524498,1.1706644086711107
working out,0.2597032846371927,0.5216087625371737
works,0.715650810154327,0.4014196888854337
world,1.0311573353363876,0.43445414850179087
worried,0.8134753728542219,0.1241779811118142
worse,0.7445853244084608,0.899812843250336
worst,3.1317672903008003,2.4708187927912957
worth,1.07861431578634,0.752781636164541
would,9.60916594722578,6.870581598584518
would be,1.5430789635998803,1.2597298111626931
would it,0.6829729515920292,0.6099268278623527
would you,6.967012133553871,4.706371094802555
wouldn,0.620825574044506,0.33153194157669713
wrong,0.890328365277239,0.23081764252005427
year,0.8678969648778734,0.8455578496404732
years,2.097794269381612,1.8597186779359898
yes,0.6286846407584641,0.6888563084416294
yet,0.7082692126624053,0.6637637208428195
you,40.69479051428202,28.624295744493402
you actually,0.770361230485314,1.2889593903891405
you all,0.7412074858565106,0.8900405168969909
you and,2.3795633302573744,1.090379891166834
you are,2.383157142328821,2.430186913678315
you be,0.43494235060932973,0.6696418721658847
you can,0.3961427577509681,1.8382029457089661
you cope,0.5927398354339966,0.7488408849539718
you could,2.4280652663834856,1.4528951861348665
you deal,3.115842424777767,0.9372892791247677
you did,0.9768676600181357,0.2025574402142047
you do,4.038397171738257,3.774922082605056
you don,0.9435298365238771,0.3392793350830575
you eat,0.4657476964135112,0.939434405093288
you ever,4.384547215251775,2.5265331229944863
you feel,5.144875685841826,2.211972865454115
you find,1.58148844112696,1.0809260556080322
you for,0.9286441565216637,0.36009681763479817
you found,1.0812844839412805,0.19941707861934602
you get,2.3801182488523813,1.8003063157387975
you go,1.0633149079060897,0.6088349937689004
you guys,1.4124637218763614,1.0179403302142775
you had,0.9171328551993749,2.4222716137905365
you handle,1.3431200929804195,0.3241660159460308
you have,4.506791370452619,3.4850114636210012
you how,0.3364458869743559,0.5380627542597142
you in,0.5072397263492231,0.7441917941450966
you just,0.9411197772336299,0.19655349272786013
you keep,0.6610507418338673,0.5934728506116529
you know,1.391909041101446,1.4508397243448772
you learn,0.23337666091539788,0.9287544386245267
you like,2.033183427877041,2.570088560660002
you make,1.4923857122647743,0.4914892308360727
you never,0.9111550942847125,0.1233400998746141
you on,1.4046178693641473,0.49123466948310623
you or,0.818799931418413,0.1787746028040089
you re,4.699155283606187,2.5139274742363975
you react,0.47862537270878175,0.6820580394063485
you realize,0.31886040595283827,1.2022935531443597
you recommend,1.5653849477024757,0.703095795716806
you see,0.4864221036768961,1.404237721315054
you stop,0.7659556426155634,0.8309312623777373
you that,0.4733586093164007,1.1721120203905901
you think,3.9612272279522673,2.7971627216432617
you to,1.6394597571926741,1.1384106102857718
you use,1.4776175159033222,0.39430705066865895
you ve,3.6870902704956756,4.359364127607817
you want,0.9805241960932771,1.1109498440871595
you wear,1.911524011934478,0.11185137054730211
you were,2.1190891789108783,2.142314092008011
you what,0.7321439927752962,0.5178677401278708
you when,1.4872962521735171,0.357142961599382
you who,1.0599138841964586,0.6100246794162938
you wish,0.9863952833183867,2.0432597089829505
you with,0.48738837249671635,0.7041649155677159
you would,0.6811209291111713,0.5638064919145014
young,0.6712421764227554,1.1276465173929853
younger,0.8123295566723693,0.6435450098962532
your,26.823694813573532,16.34169415578714
your best,0.8870269620181251,0.4736290268287573
your body,2.2620462250898643,0.0
your current,1.1986723232346563,0.3103819309570859
your dream,1.7278055674846517,0.0
your experience,1.8369610895899735,1.607437977218539
your favorite,5.720768540286082,3.5231429061739576
your favourite,0.7375265746161781,1.2360191303059345
your first,1.767118051692306,0.6291520589116506
your life,3.5820631127766975,1.9734644367650946
your opinion,2.237668147205963,0.6692368404792637
your parents,0.5160369911765265,0.8748431717888197
your partner,2.493861883127036,1.036521832196427
your period,1.8504851055035414,0.0
your personal,0.503285962824289,0.7946202397696348
your so,3.4591318235984008,1.5391191314533696
your story,1.3315838797306956,1.0927135174555835
your thoughts,1.1366343317165322,0.8196793446932271
yourself,4.756000873107258,2.5312031444524807
youtube,0.34047588513468285,0.6313985988665219
