,nb_coef,logit_coef
able,-7.643601812652262,-0.07964366397181251
able to,-7.863674318768481,-0.2150204619283644
about,-5.841216447459858,-0.011451562395225056
about how,-7.959144455947427,-0.012687312932206339
about it,-7.171521135367719,-0.14048341774941173
about the,-7.423795753325664,0.2591423830127349
about this,-7.871875261038684,-0.3422521167042018
about what,-8.03841703302186,-0.10423554700133504
about your,-7.231307105974702,-0.3188775263564005
above,-8.05330194202239,-0.06688674497776263
absolutely,-8.016786800150028,-0.24422230965634265
abusive,-7.696611484263413,-0.030347955431735848
accept,-7.526544318204259,0.021613691817354317
across,-8.179097473076345,-0.3066246740998502
act,-8.04529464976883,-0.274827605699059
activities,-7.658703805011766,-0.07479846735717742
actually,-7.315415229447434,-0.5472131611687439
add,-7.986350562953813,-0.02704680544634329
adult,-7.456898806810698,0.008307713937930478
advice,-7.694910180715209,-0.5465745195806688
after,-6.373196949738618,0.11548197084153088
afterwards,-7.891699257697533,-0.15267510263658046
again,-7.488933205795595,0.11039768100591664
age,-7.218779242761755,-0.03881166424844557
ago,-7.662390923088407,0.07671659280499643
all,-6.706358070427625,-0.3076041514361359
all of,-7.811571458057237,-0.1418632882301672
all the,-7.595878087094334,0.054012508585239496
almost,-8.118773552819563,-0.13549928819517087
alone,-7.4486187916776005,0.28221177475575404
along,-7.640525959850614,0.08286117351157977
already,-8.079749037585561,-0.2078628701470499
also,-7.659365374389496,-0.39412469461379634
always,-7.451758504418385,-0.37772323790555545
am,-7.306704644139647,-0.4471495007854382
am not,-8.064519762606622,-0.005536639194543328
amazing,-7.922858784658356,0.046726917634965115
amp,-7.315791701418679,-0.25428482251635315
amp what,-7.941506565436939,0.015416677032036885
an,-6.457001200193253,-0.15668286522780506
and,-5.323677789387485,-1.6275767034436366
and am,-8.040754015448876,-0.1823539163368943
and are,-8.179097473076345,-0.14102794634605703
and don,-7.726207632154191,0.10681779407918122
and get,-7.957218181214537,-0.06857973926004828
and getting,-7.7538848685819834,0.09053887637423824
and have,-7.873631895748565,-0.2020037672785064
and how,-7.151179865093063,-0.33233167690477294
and if,-7.70186182584226,-0.26179219090615524
and is,-7.729158430578727,0.053902735889846974
and it,-7.88730736388862,-0.17647677563118208
and just,-7.852746157334918,-0.115652709114169
and most,-8.069205006033732,-0.13676365404625002
and my,-8.179097473076345,-0.12890980274250977
and not,-7.943116746973289,-0.03580961583630239
and one,-8.179097473076345,-0.09482145007563257
and or,-7.921175726170945,-0.37166846559585365
and she,-8.02839610716851,-0.08589351671829366
and that,-7.715470499967021,0.13666370916651632
and the,-7.718986523931269,-0.22826059459281195
and then,-8.001577742909884,-0.11796469708477036
and they,-7.639244164094505,0.08329959580003697
and want,-7.914453930849068,-0.025092092126215146
and was,-7.6840913970379905,0.09250858918326317
and we,-8.047982408627828,-0.1329204591200855
and what,-6.7601834039543505,0.252548759042823
and why,-6.58954741545119,0.32576123753066066
and would,-8.179097473076345,-0.39088111251722873
and you,-7.673069289948284,-0.08625097214697938
and your,-7.863077523426423,-0.3838544428420163
another,-7.524922057786932,-0.47005991820161225
answer,-7.718756522699042,0.10723512772429394
anxiety,-7.213696564426578,0.13983087727217605
anxious,-8.179097473076345,-0.21797673117285604
any,-6.712648171001278,0.01149735283021874
any advice,-8.179097473076345,-0.09764680028358229
any of,-7.393020278220324,0.23789710481208992
anymore,-8.179097473076345,-0.18891523521707174
anyone,-7.254888802973454,-0.3473210521522784
anyone else,-7.913525900289746,-0.04398600365059725
anything,-7.177124378771766,-0.150483221208219
anything and,-7.872248217488863,0.07869959609067027
appreciated,-7.943013368874598,-0.032663372745702794
apps,-7.4482616136356254,0.12935582338310883
are,-5.422419623357321,-0.3611483367196193
are some,-6.540425426880236,0.09871084005227658
are the,-6.7126340807437845,0.1373908434108528
are they,-7.653856901819356,-0.03806459072398645
are you,-6.507150751747401,-0.46919411423680235
are your,-6.28287096805694,0.6464175334321564
aren,-8.06598512915878,-0.20514931755120422
armpits,-7.679477246472606,-0.09898885150517493
around,-7.4033565186354515,-0.24208405829300883
as,-6.193797014813741,0.7588521116714162
as an,-8.115820048486457,-0.0718454260488047
as the,-7.5345414477899855,0.17786301283580472
as well,-7.985071433961534,-0.04515233389016481
ask,-7.1540922026145335,-0.1763615597305222
ask her,-8.179097473076345,-0.05946147926128361
asked,-7.156843110612687,0.16716983543326946
asking,-7.610837403009141,-0.05147617732652926
askmen,-7.569329436466058,-0.338684305086821
askwomen,-7.484505321062638,-0.041387944476701084
ass,-7.70854182392802,-0.08950154275018464
at,-6.538612412724871,-0.2678775495909161
at all,-7.999404956078907,-0.13627980982060361
at least,-8.038418390582093,-0.07278001782328744
at the,-7.491526813317105,0.06774840895641353
at what,-7.268899615672068,0.3989420826349936
at work,-7.295468391747475,0.0918539275353992
attention,-7.987242074099021,-0.2706317850624284
attracted,-7.922329642133186,-0.0357823472800807
attracted to,-7.915450680570889,-0.015665022780726366
attractive,-8.179097473076345,-0.7012839256383402
average,-8.179097473076345,-0.21243119021202067
away,-7.451488832385373,-0.11880194991816721
back,-7.396660927356015,-0.012321485119879598
back to,-7.90403152896152,-0.11950916936432172
bad,-6.61127309473016,0.6850948745625064
bar,-8.179097473076345,-0.1448917602035018
basically,-7.893472356672279,-0.10557310674533013
be,-6.230463729073829,-0.13163990587914096
be able,-8.010955623041315,-0.28578324586906073
be more,-7.85029758685988,-0.020722678248536616
because,-7.061766254274946,-0.22198745901616332
because it,-8.08763137303978,-0.07780566846279584
because of,-7.626752524461974,-0.05717035145127587
because you,-7.372204229249652,0.2958342852631112
become,-7.189894986114813,-0.2356810182790073
bed,-7.427895364259246,0.23877467167472308
been,-6.273623620939537,-0.0156740630168068
before,-7.201937599625874,-0.20609388344344434
before and,-7.760334513524554,0.1303665744896996
behavior,-7.643843330178004,0.23758819943379833
behind,-8.179097473076345,-0.19623678013541174
being,-6.601944812090577,-0.1638029140367929
being with,-7.90303399121066,0.04876938000789095
believe,-7.742342334810545,-0.009424612648078024
best,-6.1258888661175295,0.37307199020897175
best friend,-7.9702945167433965,-0.27542083257800515
better,-6.927783428372731,0.06956027004490685
between,-7.617929208156561,-0.3137632749737604
big,-8.06945150196378,-0.19712474727323667
biggest,-7.655515411206129,-0.08684929109496356
birth,-7.410597005709761,-0.14825096808015772
birth control,-7.66317710865457,-0.146564664800688
bit,-7.823149021480243,-0.13288561722121653
body,-6.856597172460852,0.33118084077346366
book,-7.525128844185346,-0.13414521263535004
books,-7.257609536883244,0.15901293024720037
both,-8.01036292989096,-0.28104287087241075
boyfriend,-7.976094739128887,-0.13363295034622646
boys,-7.62891001420447,0.21773147576998142
break,-7.2703015784343235,0.26796606324342087
break up,-7.498613430907038,0.3489036997488435
bro,-7.961351277998165,-0.40336525521522965
business,-7.875001815076912,0.11246751603666812
busy,-8.04388767002614,-0.025146581712441357
but,-6.353009064788009,-0.8706575556965513
but can,-7.581731976061828,0.22460819867328907
but don,-8.179097473076345,-0.17485357086155026
but is,-7.6756395174793255,0.08682709292979968
but it,-7.858621860209044,-0.07666506783511405
but not,-7.803903658898766,-0.2685007011645716
but she,-8.150710932538017,-0.07554073247708422
but still,-8.122951150778103,-0.3597477825985767
but that,-8.1492978127327,-0.1138189012055639
but the,-7.9452258063045615,-0.08607697173900868
but ve,-8.179097473076345,-0.3369296816325088
but what,-8.031786375412642,-0.031970350921454074
but when,-7.825331359804056,0.1515183482182271
buy,-7.463721293065756,-0.054376602525122934
by,-6.5908589802944055,0.20773982612725148
by my,-8.179097473076345,-0.14434628666401148
by the,-7.7544212927140315,0.09046272309334447
by this,-7.725140283851666,0.1283619474330673
call,-7.5706221380177805,0.18187117729122032
called,-7.760245656670448,-0.3365819468416207
came,-8.179097473076345,-0.27576280789206187
can,-6.667001776021681,-0.8315986929799448
can be,-7.677896920718564,-0.053140377744009155
can do,-7.449855863401153,0.21209394256405906
can get,-7.74114143008752,-0.021253588815120742
can you,-7.486630641602893,-0.10196052514606016
car,-7.686555183636295,-0.04766174154170904
care,-7.576307213803503,0.005608495730919836
care of,-7.945642663476852,0.0467589076040961
career,-7.339875012203543,-0.0038830675007822902
case,-7.378430071109988,0.17679410174803517
cause,-7.7623026687819205,0.023527578815320055
certain,-7.776818957674267,0.01738490044805869
chance,-7.8698297421561785,0.028589207150944256
change,-7.150714644164775,0.04332037939320255
changed,-7.185394282751892,0.2636231449439498
chatting,-8.179097473076345,-0.15176449002437975
children,-7.4283490261260825,0.43042355615838446
class,-8.179097473076345,-0.1314031430120468
clean,-7.6048742215631595,0.1628116957667292
close,-8.179097473076345,-0.2733434843625842
clothes,-7.849660126783918,0.1245663305441633
club,-7.871411548784285,0.002687988253396862
college,-7.795859093959827,-0.10082230053836623
color,-7.187550838949387,0.10082123861132135
com,-7.844559025740277,-0.23234318109723337
come,-7.349846338224412,0.10423924931682273
comes,-8.066008545638976,-0.3205545664507056
comes to,-8.050046937033313,-0.059476568457842674
comfortable,-7.359995481753306,0.01673162177945927
coming,-7.57295910873803,0.15172071784038527
comments,-7.5382203230861435,0.029530023690253086
common,-7.861441751858935,-0.053748072326554694
company,-7.834258631925166,-0.18081022318239234
compared,-7.474846829010926,0.16208739169110098
completely,-7.711793146090901,-0.14720556909310709
compliment,-7.949978577277642,-0.197328848368219
compliments,-8.079272153409859,-0.13318909888829375
confidence,-7.9095336691730065,-0.01401993380766654
confident,-7.677598508384234,-0.011054739149680439
consider,-7.664955153925915,0.24979909546951798
constantly,-7.868080512968633,-0.2555587383262542
contact,-7.71804121150024,-0.07145170162460378
control,-7.648168478030982,-0.17061465932795217
conversation,-7.662985802169829,0.06274415541947309
conversations,-8.024132215008635,0.03212211170782372
cool,-8.02363272369294,-0.3049873414022215
cope,-7.725943064960903,-0.2031829541704928
cope with,-7.886616382769145,-0.2714261521279333
could,-6.6786522130127555,-0.42634289980570184
could be,-7.795315341619197,0.08611080161224481
couldn,-7.626966055584532,0.16893980399511066
country,-7.409758651582409,0.005864562924225308
couple,-7.801417031955013,-0.11647987280088312
couple of,-8.179097473076345,-0.1795654639001102
course,-7.65361294846663,0.07182430663080734
coworker,-7.888865289531634,0.026683777328987142
coworkers,-7.9234104294762755,-0.02482604235710079
creepy,-7.624224981594464,0.12135545861722104
crime,-7.505194887033416,0.08984048784365885
crush,-7.004369603111024,0.6105039204965734
curious,-7.059209071478271,0.24158189770842203
current,-7.3952287705748665,0.03844254809224046
currently,-7.7180957182412255,-0.12281178861612711
cute,-7.690427588481908,0.21223858831064657
dad,-7.901010305052578,-0.8529832516304793
date,-6.899084666001815,-0.08954312927208605
dated,-8.179097473076345,-0.6583855105942868
dating,-6.844954392188584,-0.3395894688227184
dating apps,-7.689334455622873,-0.04776822694014124
day,-7.029355831050019,-0.05234179947948215
days,-8.179097473076345,-0.4163596690648408
deal,-6.728308037223037,0.29926995541297546
deal with,-6.776466956090665,0.2826972283765336
decide,-8.008567201217506,-0.2525165115707911
decided,-7.820181250750938,0.03249667214670392
decision,-7.854365796099516,-0.07824811558951897
depression,-7.334164400667603,0.22844654071611428
despite,-7.853091249761812,0.02979136829490881
did,-5.611174677759201,0.4204947407280657
did it,-7.022613888493058,0.06586133171926016
did you,-5.854007463167099,0.22153804434614235
didn,-7.544242327178338,-0.3864326748769592
different,-7.63245980017385,-0.20069997344787616
discussion,-7.965019393621829,-0.019941587786359863
distance,-7.7166806305638795,-0.0717636568225078
do,-5.0058729926891115,-0.31376704602858746
do about,-7.618329408703876,0.06800712622656181
do anything,-7.913929761954163,-0.07473496989035112
do do,-8.04529464976883,-0.05402609403238548
do for,-7.821275003957102,-0.553769701603545
do it,-7.706220667745441,-0.2167553910644
do that,-8.179097473076345,-0.14157026189828656
do the,-7.9782459883255745,-0.027882712972029034
do this,-8.025232745481956,-0.03548538901444088
do to,-7.389781127920337,-0.9013839875422843
do what,-7.485086461913081,0.3030368677088774
do when,-7.608035660554641,-0.4352074234186943
do with,-7.680325211166114,-0.011542405614193394
do you,-5.0901985162304815,0.8966315417465311
does,-6.270852758254643,0.40413236040365075
does it,-7.090809154207861,-0.04247271393236229
does your,-7.43979146050854,-0.09084574258502734
doesn,-7.666453821113821,-0.027500895488912755
dog,-8.098398510077697,-0.3105513171070113
doing,-7.115882967305103,0.10938441685345897
don,-6.835387190247767,-0.2569621519037061
don have,-7.835228932250056,0.05226064121287266
don know,-7.8971837506877876,-0.149925106460182
don like,-7.606626773315956,0.12348959669070869
don really,-8.179097473076345,-0.09731598978594262
don want,-7.8291974959527435,-0.012194158394842027
done,-6.830213780230629,-0.06831693105092514
done to,-7.722279486517026,-0.11719527748317192
dont,-7.99665708410678,-0.20210884161310266
down,-7.5489215677194625,-0.3268786314918817
dream,-7.3522266876803615,-0.14810623200792833
dress,-7.740135001866398,0.15915121994021725
drink,-7.814355789665198,-0.26195638996799336
drinking,-8.179097473076345,-0.29691078155062123
drinks,-8.148403265815858,-0.24633496227798357
drive,-7.665109908419403,0.11323521919935771
driving,-7.853905240540498,0.10514655612879886
drunk,-7.6587167119890704,-0.0008582819673595627
dudes,-7.619201305104033,0.188540212074904
due,-8.179097473076345,-0.19656454725286543
dumb,-8.030499065207595,-0.02766582707641695
dumped,-7.36972500123237,0.1539648980272463
during,-7.341275719502857,-0.6364563739290283
during sex,-8.179097473076345,-0.5807337063399491
each,-8.00053444652659,-0.2628231773361987
each other,-8.179097473076345,-0.22243094944367797
easily,-7.96617858417639,-0.022636559942220892
eat,-7.038466951279391,0.398007733168981
eating,-7.7115209135453355,0.09263537783214057
edit,-7.263889259852367,-0.16640341947895154
effort,-7.893262721507403,-0.0015362283623072868
either,-7.788582441002587,-0.008010609762486309
else,-7.447421252056288,-0.10180468971754009
emotional,-7.677279463616057,-0.25452302319708725
end,-7.911046383190614,-0.4223083539134819
end up,-7.969566048374013,-0.177522743549474
ended,-7.77195796874831,0.03573847406590797
ended up,-7.95155213488066,-0.10722691103672723
enjoy,-7.508145296080915,-0.3798769530610442
enjoying,-8.179097473076345,-0.08315095441972686
enough,-7.466946663292331,0.09315761304132023
especially,-7.717551339369579,0.1690590214512388
etc,-6.58674601819787,0.6925408539162589
even,-7.625587172900437,-0.5413498232908086
ever,-6.168917078599117,-0.44962204427232844
ever been,-7.52990643468236,-0.33123940433012344
ever had,-7.255714137007641,0.4365143184095305
every,-7.885564604968091,-0.20124213071842634
everyday,-7.568114835220722,0.13185736596996772
everyone,-7.176383264688775,0.15192521450746363
everything,-7.899937059840164,0.01890168912761915
ex,-7.171583988339674,-0.03806364741042167
example,-7.764556772429273,-0.2259150921962922
exercise,-7.6200103072414604,0.05539475561116771
exes,-7.6166668409519325,0.0658673344989686
experience,-6.340373672285409,0.7169066393810958
experience like,-7.450168647546937,0.21408340259752118
experienced,-7.553389150732133,0.2796637805687651
experiences,-7.110932069915592,0.26227855204820844
explain,-8.084457375759772,-0.09753318650833563
extremely,-7.952245925224628,-0.21155402747172622
eye,-7.478904451749355,0.29560989374313396
eye contact,-7.679841205020426,0.07653203769814385
face,-7.089069049606431,-0.2268937282056865
fact,-8.179097473076345,-0.3783398535059621
fact that,-8.179097473076345,-0.31170521847698535
family,-7.26810099832025,-0.0020688792436961683
far,-7.832270488609192,-0.07850272523620629
fast,-8.068975862582539,-0.3692787197226208
father,-8.179097473076345,-0.13183962608410021
favorite,-6.230415540411988,-0.13425136708554605
favourite,-7.299989355964721,0.014152284329929796
feel,-6.13206671133536,0.2922033672672927
feel about,-6.988345839649979,0.3525400841720118
feel like,-7.434090230273527,-0.30883436275849
feel that,-7.933022902977439,-0.09588783378458966
feeling,-6.85428506723159,0.13086364522399654
feeling of,-7.442996090955607,0.3482551517628921
feelings,-7.350127524601433,-0.04688926331759454
feels,-7.8532969709289455,0.049360164524925525
feels like,-8.013756512173893,0.02003151643291695
felt,-7.731882665270111,-0.030560199257516008
female,-7.10142093022616,-0.03763671739607931
few,-7.38635748613511,-0.014590363457472688
few months,-8.071890690476154,-0.04586538215410372
figure,-8.179097473076345,-0.31609787057507704
find,-7.112762575970191,-0.4280433928083041
find it,-7.873433157640938,-0.0896906589890149
first,-6.522875262420214,-0.008701327243374926
first date,-7.583336034553228,-0.06074106950892325
first time,-7.693317264085222,0.17526225154126107
fit,-7.553063292991279,-0.029234576302515407
follow,-8.042306484082909,-0.30840900754103795
for,-5.582010990239533,-0.3721728873736952
for about,-8.179097473076345,-0.06281635343317997
for all,-7.971928977680376,0.008790498994703118
for example,-7.958453670682201,-0.2025979878779231
for her,-8.1492978127327,-0.09878597058962267
for it,-8.179097473076345,-0.08805380046433924
for me,-7.5529757553965124,-0.14330662496637955
for my,-7.974704250147882,-0.06017943626331135
for some,-7.735600409041181,-0.14692191147123615
for the,-7.458173289126011,-0.27754550570414865
for those,-7.395347376982155,-0.25652595787663884
for what,-7.732393588532974,-0.02375020363878124
for women,-7.455926247312843,0.08536951344386534
for years,-7.912343584248897,-0.19911796618915165
for you,-6.631828914526126,0.07624270482500689
for your,-7.525452241172106,-0.16638780653355065
form,-8.061093850089673,-0.1238530376534131
forward,-7.501290288377117,0.18869695504588022
found,-7.255874666215159,0.17443793260750115
found out,-7.664481264899423,0.07523592018679232
free,-7.605586395021558,-0.03286248027055722
free to,-7.753523201338689,0.13132765509241165
friday,-8.179097473076345,-0.0730685803564324
friend,-7.189272357900341,-0.33579055445030664
friendly,-7.876224955617332,0.05052315875261767
friends,-7.12878070613492,-0.18968179580535813
friends and,-8.179097473076345,-0.09320539507098392
from,-6.16916583772494,0.042140458324529936
from the,-7.644286341809273,0.07907984939314165
from your,-7.261558583312387,0.39914976998102575
front,-8.179097473076345,-0.18451980180808789
full,-7.7955095407378465,0.10677104712586555
fun,-7.450930363318266,-0.14520713223189058
fun of,-8.179097473076345,-0.3322020255637529
future,-7.589674300156937,0.10268002291248746
game,-7.61816636157671,-0.3767089043659651
games,-7.197146054822055,0.35969644950961344
gave,-7.918219347721461,0.029837400914692867
gay,-8.030466189518025,-0.3692678225972171
general,-7.557374651349782,-0.001706441314755278
get,-6.211335490891738,-0.3387549138483971
get along,-7.955909829435787,-0.07179809851499179
get it,-7.714409518345863,0.02169034764701777
get married,-7.538531399942399,0.1845170995127864
get over,-7.655998111849282,-0.0025564324407814946
get to,-7.795261059793901,0.01458960646160796
getting,-7.180202128509458,-0.3531218361271923
gf,-8.179097473076345,-0.51923960065593
girl,-7.270079243723501,-0.6623092189859556
girlfriend,-7.740648073039247,-0.5589110086133513
girls,-7.610449412304716,-0.6006184514439039
give,-7.493777188362261,-0.1085753407505338
given,-7.737916527021834,-0.2973808470113073
go,-6.427577985588808,0.34645026638776455
go to,-7.1613475905644055,0.03417263148864043
goes,-8.107521650752195,-0.13638874615203894
going,-7.149409235831518,-0.0654797754212706
going on,-7.688566271979628,0.1247813303267346
going out,-7.872091939738867,0.07093826436858189
going to,-8.087228281722178,-0.3384108124536261
gone,-8.045390017564305,-0.008251376046914833
good,-6.3052474819870845,0.39311145751372184
got,-7.108897674873529,0.018026645011256275
got the,-7.73046708966852,0.12794342081947083
gotten,-7.687027850338196,-0.18872574115045093
great,-7.1381816383471985,0.16547227040937662
group,-8.179097473076345,-0.09761231952695248
growing,-8.179097473076345,-0.23612604072991925
guy,-7.243973675702618,-0.2294103850323218
guys,-7.605142798868629,-2.345654899622164
guys think,-8.064781765624693,-0.15459839187607385
guys what,-7.957962168009006,-0.6762978156523464
guys who,-8.179097473076345,-0.7909650755964984
gym,-7.802268971281384,-0.13239545551662454
habits,-7.942743793274258,-0.1659482151680529
had,-6.529000306697732,-0.32356779239471994
had to,-7.631607520147662,-0.06362920708555292
hair,-7.560671606625965,-0.5584481928045498
half,-8.179097473076345,-0.4897847845385222
handle,-7.449071483045459,-0.07006089605434727
handle it,-7.914075896088222,-0.24138190093768094
hands,-7.779728704570476,-0.20671198775090854
happen,-8.179097473076345,-0.27776896252252103
happened,-7.217003003688706,-0.4127072409414948
happened to,-7.672626393682513,0.024350553538864294
happens,-8.179097473076345,-0.4026807426262602
happiness,-7.434791182274696,0.25142899364020255
happy,-7.049741666581529,0.30550904803087003
hard,-7.262550989629388,0.0868835577697793
hard to,-7.8080249964327795,0.15212606173506554
has,-6.252467980287084,0.3254428250014323
has been,-7.306351078129609,0.17672983340514412
has it,-7.805459671794294,-0.2638972303235644
has your,-7.251361490847433,0.2964661750397278
hate,-7.757189746291464,-0.2661109180990936
hate it,-8.004369525814559,-0.3164420506909611
have,-5.493649954646836,0.09265179607436104
have any,-7.7379974215697995,0.06007098888405324
have been,-6.922063653525308,0.26002231370255374
have done,-7.4812152048875795,0.1755954729249073
have ever,-7.379433578468891,0.1425862405956269
have had,-7.271859715906983,0.03939005780483201
have kids,-7.931181624474782,-0.0009873007458632886
have no,-8.179097473076345,-0.24516200023626042
have to,-7.419089570794108,0.16018724947189023
have you,-6.299606921136652,-0.20129302140444993
haven,-8.068715148575372,-0.4820737040401976
having,-7.377106313399092,-0.5998809400890942
he,-7.603622658008688,-0.9074059309276312
he is,-8.179097473076345,-0.10209998702232033
he was,-7.893096328817026,-0.03240969434676754
head,-8.179097473076345,-0.49625334338404076
health,-7.135595685805145,0.5039391125987805
healthy,-7.158161968563237,0.18759515450859646
hear,-7.558023463098695,0.05250846387405452
heard,-7.191441473783094,0.12113158528281863
heart,-8.179097473076345,-0.21391382456136593
hell,-7.980634970051627,-0.026730927430955637
hello,-8.179097473076345,-0.151142342224739
help,-8.179097473076345,-0.9044217634001478
helped,-7.3160046664266,0.20707542081021435
helped you,-7.32019626950479,0.2104825909103378
helps,-7.724916206943435,0.011230965662395514
her,-7.25222639262865,-0.8573563059226987
her and,-8.179097473076345,-0.13945289935237773
her friends,-8.079913421722493,0.014896959313154382
her out,-8.179097473076345,-0.03201303165936963
here,-7.461111037654312,-0.285553478930564
hey,-7.244884114382681,-0.004492721208947488
hi,-7.664639018205574,-0.19343230085862334
high,-7.211203763395632,-0.17357103946850347
high school,-7.907835636387238,-0.19461447142540644
him,-7.680152322261699,-0.252761426597905
himself,-8.179097473076345,-0.1396777468475832
his,-7.838451320648691,-0.3474849941735934
hit,-7.93952945612531,-0.020868070960403568
hobbies,-7.950812167261171,-0.2876301707241751
hold,-7.56415884939133,0.21305518649578067
holding,-7.916758794746026,-0.28251059517971705
home,-7.69099188017057,-0.05371725897472694
honest,-8.031178899075933,-0.055466106834983375
hope,-7.644405401323052,0.16358505002652227
hoping,-7.811329392695732,-0.021370509808241386
hours,-7.770269897610282,-0.11193046162620095
house,-7.652698227130205,0.18234641005354954
how,-5.11258027100828,0.015044548879724895
how are,-7.553016655574547,-0.033857383073673336
how can,-7.847435063628106,-0.4775499955767484
how did,-6.112904010364042,0.1829110362764809
how do,-5.7178586604901795,0.240085419882834
how does,-7.355994647030086,0.0774246641206365
how has,-7.132387941161917,0.05578457604515508
how have,-7.218663645046984,0.35472800721770475
how is,-7.66719210736772,-0.01655682648046237
how it,-7.73123086228501,0.09690586804476999
how long,-7.198760343127234,0.21891965402160068
how many,-7.396224354388539,-0.39139723879097416
how much,-7.489987342024872,-0.01745742131211389
how often,-6.732076106751144,0.5822101144648577
how old,-7.555796273473372,-0.026512275921682333
how should,-7.6901097875140465,0.09803736343683009
how to,-7.498988842589637,-0.41574067898687816
how was,-7.043898990958491,0.2526156557086673
how would,-6.9588641453843625,-0.024085900355603006
how you,-7.507685412490292,-0.01056814687919304
however,-7.85255034955207,-0.016758789270051495
https,-7.862115891208862,-0.5529137375351575
human,-8.048645030556628,-0.08395737088956674
hurt,-7.841154424516045,-0.03932946637510549
husband,-7.621098047698926,0.20861733339294125
idea,-7.792170101598246,0.049169205938375725
ideas,-7.613008226247277,0.08350660312306171
if,-5.927110114643559,-0.1755075959946947
if any,-7.481045975941273,0.057550934334924676
if anyone,-8.023901894717051,-0.015444407952865455
if it,-8.018773009968289,-0.3499834850386982
if so,-6.941860518336541,0.02741077424785101
if that,-8.118773552819563,-0.135887397851004
if the,-7.84096992338457,0.07844121052961434
if they,-8.096038083528178,-0.09363441220152774
if this,-8.007479112658867,-0.04208351001515782
if you,-6.467351406036445,0.07061545926715058
if your,-7.317791866457556,0.0075281581186216
im,-7.7461774503850025,-0.21839387996698253
immediately,-7.80429190573464,-0.24278594840375287
important,-7.508524512643578,0.05943799605967549
in,-5.568859220404298,-0.6631673341616714
in advance,-8.053454930345113,-0.07689819118637602
in life,-7.498710549224431,0.1075512208817076
in my,-8.069601689111087,-0.3607711489916589
in our,-7.874684035038509,0.0755199692570602
in relationship,-7.50692089231339,-0.02973795778249553
in the,-6.752420104179384,0.09108234997076771
in their,-7.864857173544192,-0.053632934534463106
in this,-8.056858862251092,-0.17402566216192508
in your,-6.852327773499406,-0.15668653701488947
include,-7.8681608776818415,0.03508196838255477
inside,-7.907758389231838,-0.01539898445689233
insight,-7.924416621066792,0.046427533794640104
instead,-7.567010615869809,-0.032000447996859256
instead of,-7.804553735796415,-0.14402444779532525
interest,-7.4299362264943785,0.08184592184540608
interested,-7.96622214005661,-0.40593512575483653
interested in,-7.952774767956696,-0.33626789690709835
interesting,-7.594449685130352,0.02393135549651067
into,-7.279214080864551,-0.4008395248145618
into the,-7.775078242253572,0.04303941869681095
is,-5.449075789670843,-0.5326657397991421
is actually,-8.179097473076345,-0.18648280418530486
is going,-8.179097473076345,-0.13995861691011166
is good,-8.179097473076345,-0.2644409053044419
is it,-7.192251325854349,0.10332253942836143
is not,-7.713095463635033,-0.05289102617463159
is one,-8.071890690476154,-0.2369367080200049
is so,-7.9297851205186305,-0.03654942957189792
is something,-7.088232602932249,-0.0169528964963552
is that,-7.573918587237946,0.2672919005752772
is the,-6.3220807055044705,-0.03779289276612541
is there,-7.196070283610599,0.25410300507110584
is this,-7.8845763731248555,0.04043172777960669
is your,-6.343923527664074,-0.9720495223812079
isn,-7.681071558803435,-0.18845863413984348
issue,-7.9380340932289615,-0.07836249171477071
it,-5.464859411101452,-0.6472265006768286
it all,-7.937813751897404,-0.04888399605704252
it and,-7.430408245398082,0.007555753528313293
it as,-8.084465251774684,-0.06081443568725922
it be,-7.423378038222851,0.27831302254905627
it but,-7.742462414068451,0.2549952981672224
it comes,-8.055282148168198,-0.15896783279577634
it feels,-8.0896363570154,-0.05896713454946417
it hard,-8.1492978127327,-0.18411703828306583
it in,-7.78282885396013,0.038239719763902155
it is,-7.8068341412592135,-0.26302556746687666
it just,-7.914834363337945,-0.1482395043602069
it like,-7.46143751077257,0.31368732779371
it made,-7.846389630284218,0.11034479038969093
it not,-8.179097473076345,-0.181618979382597
it or,-7.87832083037909,0.06586211232612509
it out,-8.115820048486457,-0.021820698097210118
it seems,-8.179097473076345,-0.18519398191990175
it so,-7.736762182194853,0.1816626913107254
it take,-7.482227399553959,0.23537136884825707
it to,-7.60843055793582,-0.08592853338925653
it was,-7.697260362493089,-0.1823413144717032
it work,-7.428506653784036,0.21198392043585867
it would,-7.512656815431204,0.2771797070347556
its,-7.834596701453949,-0.09506452366548292
jeans,-7.704032794917137,-0.4427980205670653
job,-6.996609483655517,-0.39690498851620193
just,-6.468020648879714,-0.4708361947791835
just curious,-7.381658372474502,0.3198552900421272
keep,-7.348609918108674,-0.33836818774705496
keeping,-7.846536403950183,-0.13164442498889323
kept,-7.949485561060581,0.04834646130512615
kid,-7.6613472917986405,0.1142091160506496
kids,-7.732925154069046,-0.20053369121346792
kind,-7.177917585930485,0.2305162371667048
kind of,-7.249691080248349,0.14760606926881384
kinda,-8.179097473076345,-0.3236224428066113
knew,-7.424198171479213,0.07925234705718441
know,-6.83333023044888,-0.5920414964363258
know how,-7.998877413964022,-0.18629487393865607
know if,-7.698828853436047,-0.025721131327802963
know that,-7.905606647837002,0.07887873484303773
know the,-8.008509713791133,-0.1173372147175524
know what,-7.700016419360184,0.05993640814528912
know why,-7.97850232571708,-0.01113586296286296
know you,-7.319022146382647,0.21853533684610665
lack,-7.5636470702484795,0.27980718663716525
ladies,-6.039852042858227,1.6272633373346694
ladies what,-6.593019771217503,0.6508561334900885
ladies who,-6.84847975707865,0.6924921967178765
last,-7.181813648104757,-0.35495781918727326
last time,-7.666401014600885,0.01301089452638974
late,-8.179097473076345,-0.150901211751476
lately,-7.671657726429033,-0.025024700728615318
later,-7.950817662405861,-0.2598598035800242
lazy,-7.8704339707100015,-0.13078337798519898
learn,-7.490624178289279,-0.02850523338079167
learned,-7.467700871251821,0.23198852635586178
least,-7.998732326833031,-0.12416160516251395
leave,-7.877015144620308,-0.04901142506701224
left,-7.615525944032595,-0.17374136475217963
less,-7.837449062781962,-0.30179494203276097
let,-7.6008730187085956,0.038888350710431036
level,-7.907311722984979,-0.15335530295640387
life,-6.223719341603939,0.36955271750496427
life and,-7.9225271739496295,-0.24954402459767963
like,-5.9926771043569005,-0.48397357018846665
like in,-7.793914830767459,-0.0211551023967906
like that,-7.893660196067229,-0.07383413284324275
like the,-7.935676246801553,-0.07748929913468303
like them,-7.777731932466989,0.06949165198596313
like this,-7.95905506581958,0.0246403332228468
like to,-6.9188183040390525,0.5559525937462344
like when,-7.581371098292183,-0.06241288780402646
like you,-7.530629019340617,-0.03387181504269032
likely,-8.006880337937856,-0.016469560348996652
likes,-7.6732050390866045,0.17391892628543798
limit,-8.00077136935704,-0.16338917546430975
literally,-8.179097473076345,-0.26641723629529046
little,-7.4836202738984365,-0.044456519045662064
live,-7.100855302687094,0.14835701954213076
lives,-8.1492978127327,-0.08081690676398572
living,-7.141625298622062,0.2316554451042697
ll,-7.895189980858692,-0.39923516946227827
ll be,-7.919375509726537,-0.08630445846987778
lol,-7.788624954816988,0.15946429447650853
long,-6.865408385809813,-0.2688730304395239
look,-7.374334131067253,-0.35659599171396944
look like,-7.981894973437388,-0.5348306834601202
looking,-7.2772677396029755,-0.13114111076001086
looking for,-7.47865576692474,0.29543281814340694
looking to,-8.179097473076345,-0.2686338259951921
looks,-7.87753738495133,-0.015163367381298911
lose,-7.370885025718634,0.12543739588572683
losing,-7.830870863107113,0.020160229614503273
lost,-7.5709184388725,-0.050057894470838825
lot,-7.222725719091985,0.07238684231684235
lot of,-7.593132952791517,0.02615723146936861
loud,-8.179097473076345,-0.12227619515560995
love,-6.768734442525514,-0.13243210127140284
love to,-7.694754893525076,0.1999319757437734
loved,-7.664924966934134,0.029871253820545132
made,-6.890880944426004,0.07751038168228568
made me,-7.853710366127864,0.08428973322341997
made you,-7.200463173794774,0.004039093231928654
mainly,-8.179097473076345,-0.1493300441797411
make,-6.673677302420044,-0.42164841638895784
make it,-7.749866305396415,0.11242697325936957
make you,-7.238369033976825,-0.05758384107083933
makes,-6.6830261226153,0.058618637215434186
makes you,-6.981987087034411,0.04263632254648322
making,-7.775857710636774,-0.17415889035539026
male,-7.234775008163225,-0.128574254441795
man,-7.484819115441736,-0.6748833646812412
manage,-7.77014228993837,0.050764661523532144
many,-7.087986915111353,-0.13504240733237685
many of,-7.8922043389648895,-0.05638914079080428
marriage,-7.600218607887928,0.15779440319814614
married,-7.366679692807859,-0.04996456406101155
massage,-8.179097473076345,-0.235928517925522
matter,-8.05823804851439,-0.0615419699095118
may,-7.977134406225576,-0.09224616037135867
maybe,-7.911143398752553,-0.3826356549380539
me,-7.026259846861034,-1.1154881829254086
me and,-8.153465548463606,-0.1460945590612971
me as,-8.069140943974162,-0.005966546933495368
me but,-7.97850232571708,0.030985784922148565
me feel,-7.998821350727235,-0.0020219433308642292
me in,-8.179097473076345,-0.02809897389899716
me is,-8.000022170389913,-0.06163084348520681
me it,-7.915936099693663,-0.18687107207125359
me to,-8.085220952251257,-0.2334405830443901
mean,-7.658079646121237,-0.1621963267042781
media,-7.725899241889434,-0.010494416050507426
meet,-7.314164565438155,0.20286858835530233
men,-7.456631078017798,-2.6859427598033934
men of,-8.179097473076345,-0.8859447698714498
men who,-7.788464345068114,-0.6691387230404381
mental,-7.331071727548422,0.32689631465609126
mention,-8.06598512915878,-0.1523804735670901
mentioned,-7.923368345305811,0.11942518761662597
met,-7.754530548146385,-0.40238287285327223
might,-7.4945845110727465,-0.021697444864124026
mind,-7.513161354212671,-0.012060412881906513
mine,-7.91034480484938,-0.3213322447134543
mixed,-7.972692799017721,-0.03508305185286595
moment,-7.441316825147361,0.05433552561955454
moms,-7.33161862348519,0.3003302482847859
money,-7.217848301483273,0.47188548004104997
month,-7.718253284103126,0.0044210112050507904
months,-7.927671669038692,-0.2692381632875631
more,-7.0754130279252525,-0.618771294921364
morning,-7.455448054064767,0.20780804822383367
most,-6.43932169221779,0.08452276492419213
most of,-8.010700417242907,-0.17259533432653731
most people,-7.652089063647874,0.03975365230093946
mostly,-7.923388327614053,-0.06755608603745085
mother,-7.514158751676689,0.03191323318527713
motivation,-7.716638583312904,-0.013379327115292638
move,-7.479853903878798,0.14985513699244837
moved,-7.563048616755806,0.21139336768689032
movie,-6.847490172375925,0.4900920916174141
moving,-7.4492166390487675,0.20375886484793415
much,-7.0413589573611866,-0.136595312418578
music,-7.63423790096121,0.19147361351716383
must,-7.599466694905322,0.10101194542623847
my,-6.785448575407325,-2.1839033282827556
my boyfriend,-8.179097473076345,-0.17771707002601966
my friend,-8.179097473076345,-0.06847126776471708
my friends,-8.150710932538017,-0.1462875648672153
my girlfriend,-8.179097473076345,-0.32349745942202723
my life,-7.870691631742863,-0.001848503788878493
my mind,-8.179097473076345,-0.08294235022990883
my own,-7.857684021432082,-0.048874587153134016
my question,-7.999542622380449,-0.016898167512360902
my sister,-8.03575155418775,-0.05240752526386839
myself,-7.818506148019384,-0.45688724565936145
name,-7.788915037006338,-0.1438687577507316
natural,-7.623602703951371,0.16854671957753398
naturally,-8.105696041582489,-0.11825638971636752
need,-7.573819152204628,-0.38102253718346984
need to,-7.9129020049906185,-0.34136014604016046
negative,-8.179097473076345,-0.27903693817556
nervous,-8.179097473076345,-0.2870332550067682
never,-7.244838836181819,-0.4874050094996674
new,-7.377101810133647,-0.08287782930248905
next,-8.06945150196378,-0.1999693748103749
nice,-8.079011975776671,-0.6520381441192441
night,-7.449217609722604,-0.3005522707237767
no,-7.478873501687292,-0.6101711957417282
non,-7.729675035078109,-0.16354503220642974
normal,-7.8989645889781945,-0.13205358460514602
not,-6.310370941516901,-0.4313917542484777
not really,-8.0535016948812,-0.05533149546956774
not sure,-7.8689997197475545,-0.0971743800619703
not talking,-8.113952739863695,-0.04231698060438919
not that,-7.949655180824186,0.06881667669267533
not the,-7.708380086098254,0.1411087875433179
not to,-7.982160274162856,-0.03040468622320722
nothing,-7.9330507454031105,-0.3010812632701314
notice,-7.852040929325044,-0.1697576283127901
noticed,-8.179097473076345,-0.20945192339120713
now,-7.021896930883077,-0.2465258241169993
now and,-7.968365309634457,0.047238441261252144
obvious,-7.710363550690656,0.07707927081405856
obviously,-7.902011321542035,-0.06151181099453268
of,-5.32589154052878,-0.4708483784880667
of all,-7.800230910092567,0.05052354567882237
of being,-7.466824657203905,0.18667763413300856
of course,-7.904699235739047,-0.022657380208709603
of her,-8.123107995067311,-0.1421649879759895
of it,-7.906125975108395,0.02317181729590624
of me,-8.179097473076345,-0.1880750478788789
of my,-7.731770504385706,-0.35788012129620106
of people,-7.706639820248723,0.1701542644252621
of reddit,-6.935650401037567,-0.3836627422254366
of the,-7.17285784055061,-0.1580562740761449
of them,-7.624153771833999,0.10327195457097117
of this,-8.179097473076345,-0.12149359457750977
of those,-7.8763985054174395,-0.06344990742483332
of what,-8.032988510064607,0.02739517482739723
of you,-6.9868275837004,0.16603950473485662
of your,-6.942013044732449,-0.19804070621664
off,-7.188392515118153,-0.21310210234984583
office,-8.016451048512184,-0.07609172513140883
often,-6.620374221686681,0.4754633323368661
often do,-6.758156913715675,0.6604849530006961
ok,-7.793295147658982,0.05295061662749757
old,-7.529914746773483,-0.4566745948278357
older,-7.821049586884475,-0.12206745463682452
on,-5.82036670708626,-0.044844746867533224
on dating,-7.8291259993647575,-0.173918899219737
on how,-7.84206315507299,0.12602530997283137
on my,-7.747113753914692,-0.016590310501086444
on reddit,-7.931557676866144,-0.031729463716013
on the,-7.388772532313032,-0.35782997845927056
on this,-7.885934422387085,0.09365974593666444
on you,-7.562508658680005,0.2435741616694452
on your,-6.938537429452683,0.2750515469065251
once,-7.896370525005475,-0.24967107288306287
one,-6.494862591302983,-0.3879521846191542
one of,-7.377799603965105,0.17190182114379488
ones,-7.702894064188376,0.07008482967801703
online,-7.247887917281702,0.15500442734838663
online dating,-7.512170664677436,0.24691551045890944
only,-7.285497454809716,-0.17352254010991353
open,-7.410583219020707,0.013959038891940233
opinion,-7.161759294922245,-0.12778143799042857
opinion on,-7.427309095954633,0.1488721969485414
opinions,-8.04712055760786,-0.11061164469892006
or,-5.622128338537971,-0.01822002507490619
or do,-7.798735066016116,-0.28939089874492396
or even,-7.821153868374103,0.12680652812241017
or have,-7.9593474180160815,-0.030145743638061752
or how,-7.7045789925153825,0.010830239642127397
or if,-7.999542622380449,-0.03417675672673853
or just,-7.919217495750104,-0.02202051661944514
or not,-7.740377445516279,-0.013744030806284401
or something,-7.981986240690858,-0.029813955279802955
or the,-7.839071722113689,-0.3296761305297424
other,-6.6979477200898945,-0.2052150349331072
other guys,-8.179097473076345,-0.07720416265372138
other people,-7.655178565525826,0.042210518984669126
other than,-7.538584555828737,0.2008073639963304
other women,-7.604105082223249,-0.07431783622572448
others,-7.616771922165106,-0.061342525840923
our,-7.661613055717883,-1.1462423164197428e-05
out,-6.553219253109259,-0.735786846114459
out and,-7.804020470499524,-0.10077218459625782
out from,-7.552083730030032,0.13900077621977716
out of,-7.556473574298455,-0.30051264931772714
out there,-7.6534019800808455,0.011326825180369902
out with,-8.179097473076345,-0.15845317917848423
over,-7.052457766797514,-0.4685513779291086
over the,-7.899265544128588,-0.03894371065286902
overcome,-7.1128364074913595,0.21477373271580336
own,-7.362668939621991,0.10544342036252426
pair,-7.762959529828296,-0.11193567698132978
pair of,-7.762959529828296,-0.11193567698132978
parents,-7.42842459862402,0.014001471578181528
part,-7.086691158369877,0.07252637567746448
part of,-7.574440248516297,-0.026875708442724012
partner,-6.581323352690612,0.2663566293058924
party,-7.542005018726306,0.22577962529492818
past,-7.261235136988962,-0.17412301744628747
people,-6.283568575325615,0.7288673133281596
people have,-7.892916827484095,0.020300917728315174
people who,-7.608347357652301,-0.0934730758307641
per,-7.836666493642619,-0.19701850751873556
perfect,-7.703163129754372,-0.40468573796761503
period,-6.852988185578697,0.552245963635375
person,-6.814889725247689,0.12338860801373908
personal,-7.205018786491193,0.16298986446718589
personality,-7.7691651643686015,-0.13861191327716074
personally,-7.8605031810818655,-0.09273958861545371
pet,-7.255323924325348,0.11964705968523241
phone,-7.902557985210156,-0.012808032152605212
physical,-7.7234590760107125,-0.2540825765635174
pictures,-8.179097473076345,-0.28492465720144516
place,-7.137677784851087,0.21937571351422588
places,-7.263106353535864,0.4295304051362806
play,-7.414372295053619,-0.03521843259222847
playing,-7.6592506345723335,0.10636095300690158
please,-7.564748587723638,-0.1325559857730011
point,-7.488619229968624,0.064683338836156
point where,-8.179097473076345,-0.09202315212471021
position,-7.809235019090663,-0.23423327227621785
positive,-7.336128241258628,-0.16177441125126585
post,-7.621490595853787,-0.31476467273630226
potential,-8.098398510077697,-0.0484725167024643
prefer,-7.485916682843703,0.08335268468775836
pregnant,-7.800123115601486,-0.035737200798559195
pretty,-7.790108754492992,-0.2941321468120382
pretty much,-8.179097473076345,-0.18639173738894035
probably,-8.179097473076345,-0.1403676034258117
problem,-7.860733061780108,-0.2664219513119329
process,-7.8553566547999205,-0.024315066505628348
professional,-7.526973432832444,0.24161272227028946
profiles,-8.179097473076345,-0.4177605306912005
public,-7.33398303823961,0.3969658070978746
purpose,-7.642279134811124,0.12855171241947777
put,-7.294864311016096,-0.08222447915079695
put in,-8.000022170389913,-0.2664506662464585
quality,-7.871497818959092,-0.278029037379338
question,-7.147946966290971,0.3370534051619293
questions,-7.855475820968017,-0.1306341681323219
quite,-7.9177878849205925,-0.06638774807234418
random,-7.400543185253651,0.26063696576624146
rather,-7.68970804015192,-0.19347666897398197
re,-6.362149254348609,0.39259660379083544
react,-7.480599077889083,-0.05854038770558154
reaction,-7.117504863525072,0.33768498712433737
read,-7.2730992247095605,0.1213805496992217
reading,-7.827396615751197,-0.10958500392252185
real,-7.191119600335241,0.25948207232670706
realize,-7.437537151027437,0.06895117349539957
realized,-7.817473057434901,-0.10524074093994623
really,-6.9473214879636895,-0.1192187161200144
reason,-7.421466533173098,-0.01834330363517055
reasons,-7.4403034325819455,0.16582809797776085
received,-7.469413272714723,0.069721985311717
recently,-7.225827858642521,0.129933302021542
recommend,-6.954228677405651,0.367689455929997
reddit,-6.8211462852244935,-0.40112378058583303
reddit what,-7.481114041025406,-0.41327539570223326
regret,-7.328694187547324,0.2949122629052279
regular,-7.272922083723436,0.29198843728066476
related,-8.018274582652179,-0.15829801565372917
relationship,-6.521176603268391,-0.4368529853970185
relationship with,-7.481087726390634,-0.2129470657850274
relationships,-6.846281281160035,0.10825883975251888
responses,-7.9098581807215345,-0.012485765762078847
rest,-7.838705344320211,-0.07184389568572078
right,-7.267310704000833,0.013789605979227775
right now,-7.487811074568936,0.21084147804814188
ring,-7.570146718614626,0.16869319536415509
rock,-7.961078475550828,-0.3098075177068653
romantic,-7.413845854121074,0.1510308175325078
romantically,-8.179097473076345,-0.5084481434871213
room,-7.5347954347246855,0.2173960849638639
sad,-7.994545202554739,-0.007095099302331976
said,-7.3363639135697865,0.06440209773840466
same,-7.611637920307291,-0.12170576472596656
saw,-7.618774366842356,0.05627301964432298
say,-7.195806604288194,-0.49037898791751044
saying,-7.645849126102504,-0.057318861802232085
says,-7.877720582855891,-0.25765031833173185
school,-7.690354338629768,-0.18477017539005688
second,-7.514525153879728,-0.11004984278009483
see,-6.83986017863632,0.16256612167865456
seeing,-8.179097473076345,-0.34119194815792386
seem,-7.917226921920327,-0.16901602649444053
seem to,-7.975445300525549,0.012407828988985913
seems,-8.035575005363487,-0.3433701126887714
seems like,-8.179097473076345,-0.16345644159482434
seems to,-8.035242399815564,-0.054341317736599455
seen,-6.856227301516916,0.31486242477899157
self,-6.8542409965606215,0.2221476385051291
sense,-8.074178640533455,-0.07776384935869488
serious,-7.435853251123541,-0.000434671282279206
seriously,-8.072821555428556,-0.04464880809400679
sex,-6.941526267934188,-0.4434382013746042
sexual,-7.379683670201391,-0.18673846960717813
share,-7.780880839884494,-0.10405683464984707
she,-7.446195388483003,-0.8592349219102913
she doesn,-8.1492978127327,0.006398089050267577
she is,-8.034260900919726,0.059446117423487634
she was,-8.179097473076345,-0.3750094680860639
shit,-7.589713238189448,-0.24518112594646624
short,-7.404513313200729,0.12422043948130998
should,-7.1083569749021756,-0.5016145738745751
should be,-7.736486054557298,0.03251052751859201
shouldn,-7.717938574125535,0.18169393400649816
show,-7.499692862317551,-0.382384723568472
side,-7.763785590045794,-0.11203780028543218
significant,-7.370444158521986,0.0694275548290259
significant other,-7.419477018899115,0.016100208000974732
signs,-7.510406922131323,-0.0764781130674949
similar,-7.315753223315062,0.38919914159670527
since,-7.775991311482437,-0.13147762501717838
single,-7.40102537796931,-0.3093179916351341
sister,-8.039709681169182,-0.07520427907880405
situation,-7.787578957844312,0.05460626300825994
situations,-7.705383845661001,0.17051077489314248
sleep,-7.364927226285097,0.24619347952943282
sleep with,-7.791097112765594,0.052346198654534146
small,-8.179097473076345,-0.5668186490940209
so,-6.025412220829743,0.018902589842751134
so how,-7.533122811746846,-0.30824473216941217
so it,-7.997283176763627,-0.07035181448462136
so much,-7.708382555763729,0.07011066353492958
so what,-7.282342170299929,0.0661851804052546
social,-7.465362392452404,-0.04149963288144959
social media,-7.725899241889434,-0.010494416050507426
some,-6.346353587964386,-0.36848181754806875
some of,-7.654071257692665,0.05984372937101165
some people,-7.833938599820958,0.054783626815051
some things,-7.427032583644701,-0.14604490187053404
someone,-6.23931519607398,0.4254415868105299
someone else,-7.94825995502737,-0.06977582675367919
someone who,-7.645149697113681,0.1508928948281803
someone you,-7.79829189581134,-0.42192857535079287
something,-6.4032485228576235,-0.22497218465033164
something that,-7.131791354280399,0.1734106246074099
something you,-7.236672354040648,-0.08873845639602249
sometimes,-7.664283020336806,-0.09691325910284465
song,-7.073434019430115,0.20485477032566984
soon,-7.774476056991075,0.09382191602450214
sort,-7.582050830475277,0.16660527069876221
sort of,-7.582050830475277,0.16660527069876221
spend,-7.215912584969553,0.4000022184687719
stand,-7.675579416798476,-0.1543947191157486
start,-7.354221175497141,-0.3297360954518485
start to,-7.694195987388312,0.1563676489553588
started,-7.4775316025712115,0.17597833793915335
starting,-8.150710932538017,-0.15006294083225322
still,-7.188062546829494,-0.06267256315535258
stop,-7.523326530385599,-0.27138331232846297
store,-7.642710473188865,0.17656348266906197
stories,-7.846933053842414,-0.1693140366672386
story,-6.644682096535668,0.278719033365395
straight,-8.179097473076345,-0.6654280425962242
strong,-7.765553475261684,0.00472356446211504
stuck,-7.604369827572803,0.14268104936074127
stuff,-7.613968156071265,0.1270450754363151
style,-7.7148232945464175,-0.27483614071441115
such,-7.565228081990808,-0.13642974855361975
sucks,-8.014314324991716,0.023865006969376837
suggestions,-7.755573546259122,0.043079964598667524
super,-7.556344080710148,0.17055220119098743
supposed,-7.885394865391435,0.01533030127190228
supposed to,-7.878684892089035,0.02602619491428436
sure,-7.374817181145568,0.06586323031949454
take,-6.952504347943985,0.24963458994065893
take it,-7.6496452081584625,0.24676900995787715
taken,-7.489942912092376,0.12663919533955345
taking,-8.020282924018147,-0.4003046307248497
talk,-7.528751840760413,-0.4095197841999192
talk about,-7.5460856007844,-0.10732523971101288
talk to,-8.179097473076345,-0.19258583942314234
talked,-7.507682075919487,0.22046555370221943
talked about,-7.5581642586971975,0.28912912359068316
talked to,-7.992019190823003,-0.022077060004139507
talking,-7.68628657473244,-0.10259774503283785
talking about,-7.823911815393494,0.014265469486080084
talking to,-8.179097473076345,-0.1505100430186915
tell,-7.127800833523024,0.17419949666682125
tell me,-7.507855270521841,0.23153418019604655
telling,-7.65002124330968,-0.0205514542843648
tend,-8.120360535393285,-0.1576137050806114
tend to,-8.120360535393285,-0.1576137050806114
term,-7.826157341873418,-0.3676774466090689
terrible,-7.872079732782963,-0.07917612654036493
text,-7.534544260553778,-0.0358156027511857
than,-6.855362701198649,0.032785826905677384
thank,-7.994881935699514,-0.07023985871453518
thank you,-7.994881935699514,-0.06484771411139618
thanks,-7.4155301406017795,0.12528187769522287
thanks for,-7.6551081866458,0.10061554366878013
that,-5.5661270226460084,-0.6509819367513752
that can,-7.9594019984802475,-0.06541520984451153
that have,-7.7772259305252005,-0.11070541977882388
that is,-7.7585299986099185,0.14914191034434948
that it,-8.004844336351482,-0.12574133758003958
that just,-7.829265379107773,0.06451539233671509
that made,-7.718759847474744,-0.09808554385453733
that make,-7.8305705497076765,-0.07824743439820674
that makes,-7.596206930568849,0.0008662219667461247
that my,-8.039709681169182,-0.045100583167267255
that she,-8.114696255946546,-0.16025860039255044
that some,-8.096038083528178,-0.1481363736686219
that the,-7.665725282006431,-0.055308065237282385
that they,-7.60074171241787,0.0852049696812457
that was,-8.037390630723323,-0.1915144049398554
that way,-7.9380340932289615,-0.11054608055177381
that would,-8.179097473076345,-0.36394479720883427
that you,-6.334302910004219,0.6841182343904105
that your,-7.542955460055984,0.11289388320179039
the,-5.0369296362063265,-0.5570752154596456
the best,-6.423565348066153,0.29405533346815904
the comments,-7.898851995492205,0.058104764008093356
the fact,-8.179097473076345,-0.31170521847698535
the feeling,-7.515566589728505,0.2541300680376534
the first,-7.286621947059324,0.26142532108207883
the girl,-7.861650906689416,0.08125919837468464
the guy,-7.621529556912899,0.04889514081828933
the gym,-7.773372872089805,0.06593187369615502
the last,-7.198663538584722,0.16895084248248265
the most,-6.679026762941346,0.324072178582851
the night,-8.179097473076345,-0.19462943035227315
the one,-7.651743316060637,0.06458362379021201
the only,-8.107687542893004,-0.096230811968873
the other,-7.713715590199109,0.07421690291109469
the past,-8.0839978927482,-0.3169600855873165
the people,-7.9833168215582555,0.1208317080680335
the person,-7.815114571432605,0.072390339234762
the point,-7.864378186398745,0.004873503080450356
the question,-7.8068551006394955,0.13468227633749055
the reason,-7.7704944241566825,0.006499993765135069
the relationship,-7.38060352587879,-0.012673050958188069
the same,-7.611637920307291,-0.12170576472596656
the thing,-8.0342967444461,-0.2040637215003006
the time,-7.865349529382292,0.02503885376861784
the us,-7.659588049047626,-0.015116685363723768
the way,-7.783399609897436,0.12772815137794089
the whole,-7.960732398406845,-0.00668518149280021
the worst,-7.008492954983996,0.06865871531883283
their,-6.8035395175027,0.21464591549746614
them,-6.556188705437337,-0.18745267605309482
them and,-7.604565165387752,0.2313564132728688
themselves,-7.487801117534026,0.25638638972840255
then,-8.021791677790699,-0.4229083851154995
there,-6.647038238554133,-0.20754359442525835
there are,-7.832366335516716,-0.4560516964593292
there is,-7.8497432834833845,-0.02085644879025711
these,-7.8165252586057985,-0.052496530967581584
they,-6.508691995379534,-0.31850012763877833
they are,-7.602059099079566,0.13258354599814753
they have,-7.839258501474582,0.028338223567529495
they re,-7.984105479133125,-0.21640998853350973
they were,-7.829481725995143,-0.19745478809468114
thing,-6.228838891738975,0.33851564928626776
thing you,-6.777756441027571,-0.0676334010469113
things,-6.623351094797336,-0.44261002191182486
things like,-8.179097473076345,-0.32538037127284913
things that,-7.438472292197721,0.18911691972341463
things you,-7.560111749225887,-0.04909943849628953
think,-6.348662575043124,0.008144487151096615
think about,-7.411945973966029,-0.09857603720447035
think is,-7.421295038989044,0.33830973910180545
think of,-7.328092887686376,0.11729699070666945
think that,-7.995359888529158,-0.2565428966426246
think you,-7.554244742012676,-0.014127762273422405
thinking,-7.416498657049048,0.0335384000564045
thinking about,-7.731683749428962,0.11890335681247471
this,-6.624956412920788,-0.5035913676810222
this girl,-8.179097473076345,-0.06994109885626956
this is,-7.256532763158886,0.20647626173424194
this one,-8.013546485748138,0.00010580089961297203
this was,-7.985664312571881,0.10534666679918278
those,-6.607346203579431,0.19081942411025965
those of,-7.575525492499296,-0.21009669657789473
those who,-7.111196343297237,0.22999792244313236
though,-7.804506105276886,0.0025091018982511164
thought,-7.5712184504251905,0.07395182628595509
thoughts,-6.989660576587156,-0.02325190329915816
thoughts on,-7.182052125587378,0.1556586122403022
thread,-8.179097473076345,-0.2586402420556465
three,-8.179097473076345,-0.09233463502969776
through,-7.335283773562105,-0.09342510477337466
through the,-7.970212236284327,-0.06244606082237998
time,-6.59428174307236,-0.38103506137714843
time and,-8.179097473076345,-0.1419521977307631
time to,-7.906624578291588,-0.12958955694722413
time with,-7.586069780428112,0.29645919048556285
time you,-7.550716580889404,-0.4635678397302584
times,-7.583487147070102,-0.011751238659284275
tips,-7.375901348553392,0.052392816398160486
to,-5.067948254308378,-1.561344330747869
to another,-8.039086278850979,-0.08304698258934953
to ask,-7.741218104076224,0.08860059426500164
to be,-7.261401929572087,-0.45270687338234805
to come,-7.8253762392886195,-0.006423902200923584
to date,-8.005834148735778,-0.1302794880209216
to deal,-8.179097473076345,-0.30996003781367193
to do,-7.172349158300799,0.06880987217099009
to drink,-8.179097473076345,-0.27353751958000994
to everyone,-7.881316126402704,-0.20844730712746246
to feel,-7.430570552401382,0.16297479353566685
to find,-7.961797295915389,-0.31251233558451336
to get,-6.885110216014951,0.0048401202795809
to go,-7.432252171872564,0.10413042675958527
to have,-7.68241752083375,-0.4625161051170795
to hear,-7.734096726845844,0.002363564912242795
to help,-8.179097473076345,-0.3921075151001086
to her,-8.0431062641975,-0.014157678720229121
to him,-8.082071455373137,-0.04266891868265451
to keep,-8.179097473076345,-0.258104402155304
to know,-7.493945757215511,-0.043796524475140416
to let,-7.894842538818365,0.08587147038933247
to live,-7.436701323788372,0.2083754131811467
to make,-7.1712043544864,-0.19351925553098928
to me,-8.179097473076345,-0.2571513808504324
to meet,-7.850129548717367,0.010104505085685262
to move,-7.931238654806028,0.030096499465745906
to my,-7.970384669442793,-0.08469038238913457
to not,-7.8278600403966765,-0.13489708730412814
to other,-7.984979343319785,-0.11585680836745683
to say,-7.905107134119046,-0.14785334517957013
to see,-7.321656814835579,0.07879474773334695
to spend,-7.562208269873691,0.21485369399672644
to start,-7.495952974912115,0.1868910304291557
to stop,-7.939844151145529,0.016632616625367844
to take,-7.874576135942679,0.07412162212216564
to talk,-7.942410045749296,-0.19040553524253917
to the,-7.615373055941079,-0.23894629264378905
to them,-7.682205352176313,0.1491317985501071
to think,-8.179097473076345,-0.3132778016668118
to try,-7.959286883848243,0.0172472553999889
to wear,-7.579064182606389,0.08226905138485245
to work,-7.68816307061333,0.10482114081767135
to you,-6.678032704227975,0.626402792886502
to your,-7.08807709339015,0.2372975439349035
today,-6.690701289611568,0.25993450569267773
together,-7.682609916323999,0.0038858723052137708
told,-7.237244613126674,0.025762819613822766
told me,-8.179097473076345,-0.14843578826360182
told you,-7.777293194021807,-0.01912380698337762
ton,-8.014722057478867,0.014490757461365843
too,-7.171123877893724,-0.2170368797245467
too much,-7.934857936434995,-0.05973181813002017
took,-7.861136036220098,0.04087249311589804
top,-8.150710932538017,-0.7936248719371032
touch,-7.926785888619552,-0.2409731388403351
towards,-8.077129244567715,-0.28702631329790024
toxic,-7.592683995134848,0.13763357688368905
track,-8.01672961754076,0.009275515218817532
training,-8.179097473076345,-0.0839593507219906
tried,-7.432947766945683,0.03598718252469016
try,-7.757539127894043,-0.09751669139636629
try to,-7.948974905110927,-0.03234084520941046
trying,-7.42278164996201,-0.09153194907505506
trying to,-7.418036780477181,-0.0488500651402566
turn,-7.671276687764936,-0.2065858900588702
tv,-7.311790637749086,-0.15063989143413567
two,-7.974106661571059,-0.3368337522851892
two weeks,-8.179097473076345,-0.10359580685677443
type,-7.342664248159499,0.22641315081824065
type of,-7.435855825272026,0.2886352688435078
uncomfortable,-7.776682333709601,-0.11846728364660142
under,-7.5523970281405735,0.11972539502480316
understand,-7.937805236488969,-0.04999231658701922
unique,-7.504826342114854,0.1417087546996625
until,-7.921601003959749,-0.3526961587773203
up,-6.66986642764514,-0.8687002352803245
up and,-7.917860483727078,-0.12137749144970833
up for,-7.8433295544734465,-0.05234862541901809
up the,-7.8058809220478755,-0.016217727023796747
up to,-7.998821350727235,-0.06942223815017645
up with,-7.680887286930963,0.017041881618696166
us,-7.534543180529621,-0.2080742005249256
use,-7.112751502733733,0.07508019524133136
used,-7.564073350325739,-0.04389906399252124
used to,-7.712292866569061,-0.12034461171399471
using,-7.564931084018178,0.2399828556456583
usually,-7.490851972901007,-0.307764748236957
ve,-6.321687488586661,-0.6040976888621874
ve been,-7.182464229330207,0.0716112675768826
ve ever,-7.483605692454411,-0.7449588315391074
ve had,-7.904941778014897,-0.0826319537245486
ve never,-7.911218167740441,-0.06081854174137011
ve seen,-7.570885767466574,0.03186611992717878
very,-7.804208131526799,-0.401161933258856
video,-7.449161971789159,0.18051668717482422
videos,-7.9393735814993445,-0.02293275683560848
voice,-7.698599021508466,-0.0013898644058516001
wait,-7.697425183032416,-0.07241412598790449
walk,-8.179097473076345,-0.16286778444184719
wanna,-7.771992714246069,0.12334191572397568
want,-6.698338262516167,0.07148922721067713
want to,-6.870413928549379,0.008367836125464842
wanted,-7.446402660182987,-0.11219543456885091
wanted to,-7.5319552102982605,0.05345772808501775
wants,-7.981570499062541,0.06357985241383111
wants to,-8.107687542893004,0.01209021705540158
was,-5.859285656752483,0.025048279771668732
was it,-7.345486495640391,0.22498579028495247
was really,-8.179097473076345,-0.10922887329964392
was the,-6.854276498409284,0.5071665323183706
was time,-7.953868752223858,-0.28393440667973585
was your,-6.5190471738629725,0.5941862785868438
wasn,-7.617283171702996,0.054578685874899384
watch,-7.612073953598713,-0.13341980564756262
watching,-7.651539244808948,0.14786098352336818
water,-8.148403265815858,-0.2336489705698308
way,-6.69361784758458,0.25148751320701784
way to,-7.511564743728611,-0.1495507472372024
ways,-7.119875126992039,0.22984433650990244
ways to,-7.5148922643788385,0.020989921369155992
we,-7.3790796020935305,-0.4340094873559274
we re,-8.179097473076345,-0.11937936252078903
we would,-8.179097473076345,-0.10184489865658324
wear,-6.95755106662543,0.08835504959945352
wearing,-7.190141337848544,-0.003761942069661685
week,-7.299276866845379,-0.04604215080369626
weeks,-8.022333194214195,-0.07531691210002123
weight,-7.368773160847504,0.08099626903910417
weird,-7.81696625895328,-0.15221016158060063
weirdest,-7.537065944275748,-0.07696303406743114
well,-7.767626765997118,0.0037880320167137066
went,-8.179097473076345,-0.31606902057445807
went on,-8.179097473076345,-0.15051485211852125
were,-6.375958799218661,-0.23179798031424548
were you,-7.522724333477276,0.08492971293338658
what,-4.635955928623833,0.9884779710910236
what age,-7.552242101294117,0.17785128346724188
what are,-5.6206629609605665,0.5652460150062558
what could,-7.562620350373254,0.08525432330209493
what did,-7.142465743435521,0.24935214588678342
what do,-6.245339115496652,-0.3036818657561556
what does,-7.275576758878357,-0.3667233992246249
what happened,-7.307191459055858,-0.481675743499363
what has,-7.224073150556571,0.25244903582880895
what have,-7.560444507177827,0.10601314385571556
what is,-5.699192445871507,-0.11806228200152978
what kind,-7.438853682951839,0.21374078287759532
what made,-7.160349333410374,0.19286859015599064
what makes,-6.951999132274949,0.1172985310762595
what should,-7.470917624382153,0.3420349068146668
what something,-7.3369685708519325,-0.05107168190345285
what the,-6.024664058168662,0.3735142327504268
what to,-8.060587082183021,-0.06252980516328843
what type,-7.386076660888792,0.27120764854247853
what was,-6.567552973563083,0.07448534437243626
what were,-7.342297888487536,-0.010267744721123
what would,-6.534452257350851,-0.06687689282902337
what you,-7.392939397913887,0.12645075276927858
what your,-5.989845792777569,0.2947754580374622
whatever,-7.47209974681742,0.17299959096103298
whats,-7.516487773119161,-0.1312294061446156
when,-5.881502016175549,-0.46928770215515647
when did,-7.574516835488114,-0.28755320395504036
when it,-7.929082711652217,-0.3007830558037091
when she,-8.105588943495968,-0.1418426432190509
when the,-7.920347415231364,0.04788852124649105
when they,-7.59558004635907,0.14328031272704767
when was,-7.453882241935569,-0.2554249433767755
when you,-6.2496803900618225,0.341994702219178
whenever,-8.179097473076345,-0.2661047317583908
where,-6.757023664790715,0.01810194676892159
where you,-7.493953679445048,0.02077623495110752
whether,-7.90564431731274,-0.13286166330780178
which,-6.824663693165649,0.13238321914529014
which are,-7.922655090033156,0.0281438923331429
which is,-8.05823804851439,-0.21490671284867024
while,-7.297635268755816,-0.2077778710897058
who,-5.90604756343612,0.13599200195988123
who are,-7.356288162321148,-0.02843071693548939
who has,-7.7187956512313765,-0.017184534492515568
who have,-6.631470021784317,0.5272593810635591
who were,-7.797348239148544,-0.2865864523296186
whole,-7.706098761175469,0.04228564464996097
why,-5.937030297707686,0.24895747376770072
why did,-7.550621533552161,0.05523279034125975
why do,-6.984446052727284,0.45693252529394873
why is,-7.4947590197328315,-0.016052163771031868
why not,-7.294481027142329,0.23359677882708
why you,-7.734649763748894,0.04486224602858836
wife,-7.9586756490891295,-0.38866098214205896
will,-7.475047465967765,-0.12148544980175197
will be,-7.995017200055861,-0.11376135848832378
wish,-6.859178337586449,0.4251424521043127
wish you,-7.635537898821963,-0.018101135884154174
with,-5.6849798857686675,-0.48936646868590367
with being,-7.575886696125011,0.11295873083315715
with girl,-8.179097473076345,-0.17376710257779665
with her,-7.97234224578787,0.02951668021678827
with him,-8.179097473076345,-0.06619692073757287
with it,-7.531979710270789,0.14119179902940765
with me,-8.179097473076345,-0.20560671072854442
with my,-8.179097473076345,-0.42684230137161244
with no,-8.179097473076345,-0.20712625431311504
with other,-8.048527491463036,-0.15884164389531094
with some,-8.179097473076345,-0.27954884294302423
with someone,-7.269386455379868,-0.021759872342908725
with the,-7.608687897865683,-0.40832201067798113
with them,-7.916176010493257,0.02649616697197537
with this,-7.819691445854561,0.0853126688525752
with you,-7.582621974144827,0.12141059168019022
with your,-6.946534493445965,0.15341646653447433
within,-7.8622810705555475,-0.08177332393356238
without,-6.993171521559379,-0.06997242566729475
woman,-6.384305295377851,-0.041002870477235796
woman is,-7.769332859814086,0.15394491737995694
woman you,-7.878813293112614,-0.44674681670363325
women,-5.870883762632867,1.286027219780811
women of,-7.2462611400790715,0.4444741395128907
women who,-6.671499258099529,0.8204730485284377
won,-7.5389997765191294,0.09607263453161333
wondering,-7.528805450252159,-0.05718314649568826
words,-7.481948529129674,-0.0500890664063697
work,-6.675512507065834,0.11389947756892771
work out,-7.668587928840434,-0.004466104859203211
worked,-7.540655973359963,0.16636863059308485
working,-7.630336709050928,0.0322106551013192
working out,-7.847290624339309,0.06862921414826623
works,-8.070157943696765,-0.36995308701949986
world,-7.622232644217319,-0.0029696124324402173
worried,-8.179097473076345,-0.35038055612218577
worse,-7.318651203111667,0.30794488895360206
worst,-6.563868940416702,0.22596094775877032
worth,-7.24477144433249,0.31644331767938183
would,-5.774008536491332,0.28084641694397233
would be,-7.296159690081616,-0.1212286647930998
would it,-7.34928017732786,0.3991171983825727
would you,-5.9680034169969645,0.5369740307308797
wouldn,-7.629452433373407,0.2011673456564133
wrong,-7.613076357716156,0.15622131185273835
year,-7.590392681099001,0.03538115727415544
years,-7.343780406789888,-0.49143250403690036
yes,-7.805590084738905,-0.2555782483005258
yet,-7.985269947543891,-0.29355869498557013
you,-4.382094631516827,0.8909049624744814
you actually,-7.448643643262567,-0.1478913487873484
you all,-7.900375624627676,-0.4068450556396049
you and,-7.026898735753204,0.02505721429565308
you are,-7.192899942684451,-0.7112519132892935
you be,-7.572362177599422,0.09910350451789585
you can,-7.52147618477882,-0.2750791334584564
you cope,-7.709653168082829,-0.0785327547484701
you could,-7.058868990816949,-0.37225884707981105
you deal,-6.686727741299974,0.6561760531980996
you did,-7.4482816121862045,0.19619288076226668
you do,-6.722702752696584,-0.7715046057309145
you don,-7.842299494857523,-0.3245249800505068
you eat,-7.403974640546424,0.19517428265613979
you ever,-6.560923352594221,-0.08469536592164736
you feel,-6.3602040856151,0.33479723464598815
you find,-7.254064445146401,0.023675082727234554
you for,-7.836693255338975,-0.11236932970479763
you found,-7.401625925050709,0.24523948146365387
you get,-7.17587864964438,-0.45920317996411675
you go,-7.422848241904714,0.1011337683690023
you guys,-7.759792222417553,-0.3035630639920912
you had,-7.173307042766568,-0.23271549333944402
you handle,-7.433021337455147,0.08504992037181289
you have,-6.111310880118159,1.1041030350675185
you how,-7.644968139458844,0.12723023920254448
you in,-7.88114936872751,-0.34842109885760364
you just,-7.962317904228327,-0.3403418937863735
you keep,-7.793386098538237,-0.19218006823535422
you know,-7.250272226622411,-0.12974721041150236
you learn,-7.5933691541642885,0.142025634875893
you like,-6.600655971687884,0.6474596647346912
you make,-7.330318692465729,0.14410904942102998
you never,-7.638123984023292,0.12919112149581688
you on,-7.4221291031274745,0.05373891838920091
you or,-7.567334280467234,0.17892970541428327
you re,-6.3335394049901605,0.6696639353108391
you react,-7.54902736848606,0.12101560541860105
you realize,-7.494771920352769,0.02977915518860905
you recommend,-7.150879204414354,0.24732008671737574
you see,-7.578685329829194,-0.200175219776968
you stop,-7.57427274911665,-0.20977782799404907
you that,-7.448351492490841,0.07292514424741472
you think,-6.415460440486925,0.31359229413551193
you to,-7.267419462376217,-0.016539423833483353
you use,-7.248576163724388,0.29368101225882903
you ve,-6.396861623199862,0.13614075100707
you want,-7.378009672609136,-0.025476662908885804
you wear,-7.249819705480542,0.1996360031278683
you were,-7.043450633727585,-0.2660402602453359
you what,-7.609558972525147,0.09245867626967429
you when,-7.267901195054396,0.34172199300467715
you who,-7.539776637399602,-0.05891368473674286
you wish,-6.847192290177888,0.49299849658860095
you with,-7.595887188341057,0.06090061236455788
you would,-7.491588532393437,0.16148317570798296
young,-7.588707380740607,-0.06351315219919562
younger,-7.4010898630007755,0.17151174554171
your,-4.771480021162971,1.1634216966457482
your best,-7.52115465904241,0.04180817315630302
your body,-7.2132378473378616,0.0011344881363710654
your current,-7.496603336234061,-0.0020019281439451896
your dream,-7.5830654943199525,-0.2556317703110927
your experience,-6.963232306975135,0.02768989906573837
your favorite,-6.219126563248064,-0.03459821776661631
your favourite,-7.363099720951017,-0.06949394645174599
your first,-7.211679377243852,0.10257694065869509
your life,-6.619618727104394,0.037864477183199116
your opinion,-7.245287853741157,-0.15360384873271973
your parents,-7.3987942838569705,0.1595823180709318
your partner,-6.909441925148339,0.13841531100064888
your period,-7.131608280822899,0.4092113973392513
your personal,-7.594304039107206,0.011606852338855098
your so,-6.614958497531991,0.4769281987020686
your story,-7.012855739189963,0.3923157279735736
your thoughts,-7.135776310678638,0.3974026528477781
yourself,-6.571498420035095,-0.2677452813528113
youtube,-7.629632493932975,0.16062745463584333
