,RelationshipAdvice,AskWomen
able,2.366215662607512,1.6344381289487138
able to,2.375383646700514,1.262388695261069
about,25.17492320226376,13.890481581440406
about her,1.7301655653273227,1.4042030286439215
about him,1.290792961763396,0.6249627269940998
about how,1.6579246799342575,1.4150605542107169
about it,6.197113396847785,2.6684078147060997
about me,1.687791087093711,1.2365807959905764
about months,1.5994738507664028,0.9128724843448587
about my,1.7857791873337314,0.9598550213036189
about our,1.0044935041247376,0.9227881680834311
about the,2.8154369958062553,1.4723798268220383
about this,2.200162420646613,1.3347271638761677
about what,1.24241122074744,1.1704067462705734
absolutely,2.297645422443341,0.61177421390023
abusive,1.3874520823865781,0.8536934862592492
account,1.128047550809205,0.894098586163725
actually,3.7016452510324855,2.976001914815958
advice,5.9178129320035495,4.19761168627704
advice on,1.9296458718288174,1.0599710636884931
afraid,1.917954977375599,1.576749351589534
after,10.533024627294143,6.941156818686398
after that,1.0313227731327586,0.6872117637961979
after the,0.8104351433259229,0.6020485018044714
again,5.881895299627059,3.2511109581147672
again and,1.3864869522490635,0.8837523326458485
age,3.5493900528954963,1.8364032429841224
ago,4.619939574170992,3.9875161147238103
ago and,1.3191459064826188,1.166337837505918
agreed,1.5066999287661758,1.0298248163960995
all,12.53129083085066,7.7905776480236675
all my,1.2641962633426367,0.5593626709441495
all of,1.8702164829647172,1.3121981100262172
all the,3.5435479719352236,1.239286984969847
all this,0.9521824743663279,0.4531411354177035
almost,3.244050544661985,2.6785747554701542
alone,2.3658972688404116,2.278440777266493
along,1.8276275786013814,1.327858238704216
already,2.0727550146593123,2.068925894321825
also,7.1237228636433425,4.666252682609176
although,1.105750446799376,0.5696411478748091
always,7.633541790392401,3.755521056067901
always been,1.3355803865372498,0.35454048786445413
am,11.860638501820963,7.817519518502795
am not,1.5385482509942225,1.0008555082596708
amazing,2.219617557094119,0.686927048272847
amp,7.096158901433752,3.681065339538344
an,10.915636852833005,7.055631913923154
and,85.46554469858289,55.90817813974684
and all,1.1398432217358487,1.1826597746279688
and am,1.7302357315271317,1.1547791403198524
and are,1.6505349543453376,0.7736812497534457
and asked,0.697753415702057,1.047249853370694
and can,2.2755720839869302,1.0287148582206973
and didn,1.510264394891571,0.8820015327299098
and don,3.2569407143636173,2.760152034092708
and even,0.9917845856041564,0.7213231569909448
and feel,2.123869135545639,0.9297072966047958
and get,1.27001773509953,1.2543768872837837
and got,1.4496299864358126,0.9931879488841378
and had,1.821834520721145,0.7043292984154893
and has,1.3713357147187197,0.6610319767896794
and have,4.782308819681119,2.9404649733950077
and he,7.268124162322991,3.974885265435702
and her,1.3609025587558032,1.486397093322862
and his,1.1295828490158355,0.7438614867118626
and how,2.431208789063233,2.500113369541735
and if,1.7386201259895857,1.3200556779682124
and is,2.439268944604266,0.8859440378297352
and it,4.929274714025801,2.626870582922665
and just,3.196658188114893,1.5532560427992195
and know,1.134526409795985,0.7739610100771925
and my,3.5430841651035956,2.751604281433974
and not,2.637701322006205,1.8722709660860568
and now,1.5626552037028678,0.8977731828472458
and really,1.2523217907377766,0.889737118220524
and said,1.9020442853068946,1.0584131785033024
and she,5.427648813481925,4.256611100285568
and so,1.5814863698089128,0.5810845779567226
and started,1.0562495448270646,0.9773135802935037
and that,4.292163253910043,3.073075873579973
and the,3.0288153780303024,2.2151299480048197
and then,2.0352392190983406,1.6074064910882717
and they,1.9425908919169013,1.3480144068469135
and think,1.4703940757272935,0.6271725330908583
and this,1.1878450847504074,0.6322707945295808
and to,0.724058781236162,0.8401993510721422
and told,1.724232199875412,1.191276212461267
and try,1.0094751056333995,0.7149463793477129
and ve,0.8202414173250449,0.8471425870174719
and want,1.2431838846660406,1.3159697976354692
and was,2.7365418561898904,1.2458198061847245
and we,5.146261742102637,3.3094505023443483
and what,2.826278857476385,2.5646580669459604
and when,1.2505088959874524,1.3188641062042783
and would,1.1159685740693575,0.5313976687596095
angry,1.3888485717686936,0.9292751020522776
another,4.615707074924285,2.8417253515663057
answer,1.6429915209010084,0.7735960236067316
anxiety,2.9505413601326684,1.6242016299062856
any,8.938495600719282,6.5741079459403595
any advice,2.5662541366161453,1.908509918658046
any of,1.5412184107009774,0.8039319655869529
anymore,3.1612631552021306,1.6579370574628662
anyone,4.955732048654626,2.944098241749785
anything,6.3094939044391944,4.004203371870103
anyway,0.9964349423470039,1.3270867796772916
anyways,0.9745792304123789,0.7267497044610643
apart,1.8996020080075073,1.2493721744959876
apartment,1.6913637950641145,0.5220567068526827
appreciated,1.4100548959691563,0.8274721468170129
are,17.48003911346211,13.787064858800923
aren,1.7422280421401184,0.45302853739513144
argument,1.2706646803272785,0.694877015866234
around,4.914413217023836,2.4859212871942526
as,15.960803870904176,11.588614676207637
as he,0.7675599265245324,0.648227506180591
as much,1.0879998676897855,0.9002574340421191
as she,1.0708634239025372,0.7993605987284207
as we,0.8742759937819916,0.5276959080981699
as well,2.020405083355611,0.9035376747208087
ask,4.52769701765346,3.325334173954307
asked,5.870694546823062,4.5067116721140685
asked her,1.2688711537924082,0.6856284208871631
asked him,0.9454024959883028,1.39171790451996
asked if,0.7230194035482216,0.6478229743861226
asked me,2.222224140685062,1.1730851589233147
asking,2.959686085644552,1.902605505804683
at,16.285800531931418,10.169080725024843
at all,2.661060362731616,1.3219522605985872
at first,1.1996716340912665,0.7388766284778918
at her,0.7652559067304366,0.797615012637057
at least,1.6935831915077344,0.9872518462639622
at me,1.0896106345299343,1.168750386511665
at my,1.3344625376476134,1.2514360174551271
at the,4.88638094951639,2.8858155323900183
at this,1.6145134481931704,0.9284368842866952
at work,2.2975948472472476,1.4261702240739358
attention,0.9773554149327279,0.9285377164816487
attracted,1.421826078088644,1.1541609474124153
attracted to,1.3291282502789297,1.079552687790049
attractive,1.4335828588814992,1.2957858288670887
away,4.366416354953688,2.138672238925558
away from,1.5012823855688218,1.0326346589108308
awkward,1.580387107277754,0.7729303582695863
baby,1.7456244063032647,1.5326900565118773
back,7.758956872372016,5.049294957777342
back and,1.6691122637433116,0.46474514815722795
back to,1.9723545010197137,1.4844300794970462
background,0.729092702725883,0.9255346938615818
bad,6.144632538937985,3.4282364968571057
basically,2.135808913072669,2.1062200996858644
be,17.49824535461069,12.048285488354571
be able,0.8794989941249585,0.9042692509107929
be friends,0.9798554994247984,1.1070523266267716
be the,2.005994816796467,0.47671586599451615
be with,1.406224263039831,0.9732883101347056
beautiful,1.3947417289125195,1.0332252978078509
became,1.3316018177595235,0.765587867038186
because,13.507021348973991,8.728805036259798
because he,2.699147383856346,1.7390130680373366
because it,1.7635295083195521,0.8837398181142395
because of,2.373114942019679,1.948532036738128
because she,2.4175888434099635,1.4922994046638136
because we,1.8976468836122549,0.6226341226192021
become,2.004239815662707,1.5692486105396202
bed,2.6708013925721366,1.3850499304639325
been,17.459717733455665,10.173061862620965
been dating,2.1956171860189704,1.2899266716305222
been in,1.805189995203472,1.5755764866772237
been together,2.7246519163676037,1.4035618293176246
been with,1.6518656397111708,0.9718949314717352
before,6.248695689764741,3.943959503193791
began,1.411328664499983,0.41063973087562083
beginning,1.1885173028612097,1.2694599848912622
behavior,1.5096628427995467,0.8996658097500563
being,8.335207004206115,6.302858018980901
believe,2.175014265679536,1.2492759554941786
best,9.647978454550595,6.145975707175966
best friend,2.513705520757675,1.5221502316153444
better,3.5846471272226257,4.5736797232870465
between,2.3191047324250724,1.1985973034619704
bf,3.9019909369391144,1.7322007860640745
big,2.153070902731663,2.040663285415035
birthday,2.1647298724420363,0.6423826440403433
bit,3.3308730648307283,2.6084507926789913
bit of,0.7345915618985177,0.8761884263537686
body,4.101232566431092,1.6644874915114676
both,4.636120589731971,3.951631167909398
both of,0.89339207090287,1.0492813186687617
boyfriend,9.370209899025841,6.013170097716256
boyfriend and,1.5021329147630407,1.386556204469437
break,3.88017728669177,3.415441884469969
break up,1.9315903693822365,2.3173751856538836
breaking,1.647435205200687,1.166572273726134
breaking up,1.2942756262190471,1.0146201583029333
breakup,1.4475300268245532,1.5639369556347562
bring,2.264745913390985,1.1628040980090917
broke,3.153834412960333,2.6774298687186953
broke up,2.501974838965009,1.9366661852839373
broken,1.4449041259589233,0.8781679229373868
brother,1.517366020360788,1.6683194674915476
brought,1.3516407381668412,1.0043183429570068
busy,1.1051454350707497,0.5990188482274384
but,30.06698743149279,18.748916933682228
but also,1.6896324730664365,0.526623523589205
but can,1.7358594520162773,1.2407356476776579
but don,3.1019631350836043,1.7165009745764144
but feel,1.867873932091217,1.0036579954954266
but he,2.6872908393073014,1.8771436041393057
but it,3.7809921851953745,1.4776440188357594
but just,2.1388151396791413,0.5854988846221473
but not,1.8145850033313173,1.2588581006912298
but now,1.415944890552659,0.5847599839770594
but she,2.7819674076670857,1.805155632240166
but that,1.336682191434306,1.0691965138273598
but the,1.827117929501404,0.8188013588869761
but then,1.617667948029816,1.018449675684543
but we,1.587303302831694,1.0689562839049238
but when,1.059234121877184,0.8126063645249598
buy,2.5475458646219193,1.5665241585654204
by,6.539801889024271,3.986738292951476
call,3.2963741511438687,2.3453594218939577
called,2.1307684023447457,2.1143460669096186
calling,1.8072238350297356,0.5840902745314127
calls,1.3413171012167364,0.6520559639634396
came,2.2526706156993437,2.0749062540064616
came to,0.8093581180277437,0.5853719325521884
can,13.28138526646693,9.28002980897855
can be,1.7944262632833212,1.0089868025926216
can do,2.6355741476143857,1.1548891597399324
can get,2.354134235676344,0.8821846467557528
cant,1.2083383040449467,0.46565591502705245
car,2.0573391791340363,0.851939519894779
care,2.9367617146393576,2.2453262306819504
case,0.91333283269261,1.2654194207756049
cause,1.955792978005313,1.7977272043399104
chance,1.7869574055784765,1.3483394881740012
change,3.07010621300137,1.5609845993770368
changed,2.0119525858888445,1.2965575907448594
cheated,1.8938953511598782,0.9394641450347487
cheated on,1.2722262173360102,0.782739388291586
cheating,2.5383262313407635,1.5905186275273222
child,1.882856177670593,1.139081654078699
children,2.8010447466259096,1.1237869286037419
city,0.5308679210276976,1.5071026205427969
class,3.0134297292495074,1.9003519099041115
clean,1.4644904671814807,0.2105021049879014
clear,1.3123548967927712,0.6039313943060537
close,3.2222142143903514,1.8792761630494423
college,2.970694088722165,1.9418596519344822
come,3.3668633013270393,2.1917141413061882
comes,1.5800138547836324,1.7617953027364175
comfortable,2.3348100560893026,1.39465647439708
coming,2.8145176636262046,1.3546108991083619
comments,1.5831469706389787,1.0427274426646709
common,1.1542744574615262,0.8316863519628671
completely,2.6696129873195797,2.0639154607448873
confused,2.6175987210386675,0.738401380771808
connection,1.0773406145758566,0.4663839325574974
constantly,2.365209492135603,0.8579495988514357
contact,2.316528879258388,1.1449456953074613
continue,1.0414472231941123,0.9996976561076647
control,2.352051798679938,0.6920474015791794
conversation,3.8180324443520797,1.3439765697902195
conversations,0.9360837330310009,0.7910028326284397
cool,1.115755688229567,0.6560740488709398
could,6.8769455609506025,4.4639494524931775
could be,0.9584031932752971,1.1402521842234943
couldn,1.9598143404835928,1.149227197048464
country,1.4964848415997505,2.0417244861738464
couple,3.386013352071251,3.4173536406920846
couple of,1.5956304813547437,1.5436008197244502
course,2.3919034434247437,0.5273213786773191
cousin,0.9627316970604903,0.6896339596533293
crazy,1.8352005217877863,1.4961150023325742
crush,3.0807240827982953,2.7513412563332276
crying,0.8625654491208997,0.8701875066682336
current,2.3081240008905186,1.3589451044260819
currently,1.3978200785512735,2.04384909237059
cut,1.285752677322314,0.7563112478908394
cute,2.595824026751219,0.8409512382577801
dad,3.0216306700284785,0.9216651507211
date,5.875089465341542,3.1270118800871582
dated,2.2570349082105814,1.0567898670122418
dates,1.751143940187514,0.9019621504572202
dating,7.017768028368061,3.725726152874166
dating for,1.5859314279192087,0.5901160305637054
daughter,1.259678728781874,0.57550725911619
day,7.700271333501562,4.982054319732571
day and,1.0923743888467454,0.5432788255113875
days,4.008164389839781,3.1355078282966957
deal,4.732124286139628,2.831172295385278
deal with,4.062737563437694,2.521057544829561
decided,2.238874038687567,1.2242964207964797
decided to,1.715693318398293,0.7919073908632673
definitely,1.6456458944440615,0.6572222152700119
depression,1.6778651509804021,1.6292777681354533
despite,0.9393252062898456,0.9387361411183315
did,13.97620620669909,7.876783676688563
did it,3.027144790737388,2.446007361424147
did you,10.197507605627928,4.409017392877259
didn,7.418859283777217,5.360259372889511
didn know,0.8254118454891729,0.8674532810719315
didn want,1.5594686313232566,0.8071949435824919
didnt,0.9569577824302881,1.2254669664675402
different,2.8607627474339736,2.642426049616912
dinner,1.2517618361009573,1.030655057697269
distance,2.1830337580488512,1.716141130994832
do,30.573770410712612,18.708564384142562
do anything,1.3000281427794083,0.751803656708837
do do,1.6707337887961498,1.2415032637641892
do it,2.5957967695791053,1.546222987426991
do not,1.2657045524393544,0.468080085132058
do that,1.2166181903287423,0.4463019131764617
do this,0.9066989385272244,0.6387134234038008
do to,2.109247935951628,1.3836319098461267
do you,25.740915026226258,14.0997761352728
does,6.90078091567167,7.4053923025582185
doesn,6.260783355587466,4.086093059622008
doesn want,1.28641541293787,0.845562318730869
dog,0.3556661860847383,1.5090575713933025
doing,5.132551018806386,3.1424258939386362
don,15.388783527024279,11.537036206712626
don feel,1.3500804429376592,1.3630416681754167
don have,1.3598492038503966,1.4456034649616232
don know,5.67145776544025,4.130700178519116
don really,1.4676996865264342,0.9769845348833152
don think,1.892712085137801,1.2908540208290258
don want,4.4688640625195815,2.9447796463525924
done,4.8082094538306706,2.101684495907372
dont,3.181753793468259,2.1327500223280733
dont know,1.1083571756876112,0.5095145518034425
down,3.866788591423188,3.57263900204225
down and,0.8875349078335395,0.9532231353175579
dr,2.2172142027787625,1.3037573141773318
drink,1.503622239528858,0.5795101250787895
drinking,1.4813235180905475,0.8096208823915779
drinks,1.5403967917067756,0.6363334127682447
drive,1.5030305882570403,1.1750706230563988
drunk,1.6180753016431426,1.4488793920633882
due,2.2160357367254044,1.2337052486867388
due to,2.1751666514722525,1.1889342781066226
during,3.5784534533134873,2.2998273725464276
each,6.2527069305874745,3.8036166354107985
each other,5.793072347223918,3.4128414383447514
early,1.1636719482328612,0.5953281619067244
edit,2.662310593287055,0.7173241477686674
either,2.207768911018334,1.8652639703237355
else,3.273989796438349,2.2738578215108296
emotional,1.3977298435564083,1.2316577236485675
emotionally,1.5505795310438786,1.3361146902682723
end,4.257395992969146,2.4863799801834423
end of,1.3619414270683379,0.8697122422717034
end up,1.4474174417425085,0.9444038259458115
ended,2.8165492058382773,1.5626275388647248
ended up,1.8693264339356053,1.2006693426728077
enjoy,3.8762269765948036,0.406364695117698
enough,2.9680898812079275,2.613041853520936
enough to,1.0604010903518994,0.6763198731068004
especially,1.3960059593724246,1.2956082310955763
etc,4.131139111154915,4.718466963726749
even,8.21891953535786,5.8979114918612225
even if,0.9664933777559701,1.1957375339521612
even though,1.7122842716101871,1.4421995570053823
eventually,1.3470084922166352,0.9164489795362913
ever,8.444632430905257,5.6425268643102475
every,5.6058171858291255,3.357018646933733
every day,1.7132004366329383,1.1406784856217669
every time,1.2307466344267344,1.2021293337799992
everyday,1.4427107817079727,1.4465617707278235
everyone,3.237228530652279,1.9020846594043073
everything,4.208056444413078,3.533334290853409
ex,6.517845820930273,4.927124018578128
exactly,1.0135801381798129,0.4377055775413341
example,2.177656745617736,1.4646823253969947
except,1.1140723374969919,0.701230578179738
experience,6.867902865578731,3.6657489892487405
explain,1.262265322720015,0.8778897717225241
extremely,1.2718361872946284,1.8419837547951081
face,3.1254276130856202,0.8628712908509509
fact,1.5979701952384973,1.1959192737199669
fact that,1.0601898883536454,0.7704655728019741
family,5.588305299571797,4.624844289335933
family and,1.0379814539562966,0.6228414334811289
far,2.7073751796693393,1.257719293494385
fast,1.4027860647232437,1.0953003878977021
fast forward,0.7267742396750025,0.6921260577921119
father,1.3299407397487029,1.1666782579877262
favorite,7.693062511250622,6.025179473591409
fear,0.9266050271385062,1.0193600974141543
feel,16.246947900812906,10.07942292474594
feel bad,0.9649877489428119,0.7065932629865215
feel like,6.694551671552461,3.4896770017107577
feeling,4.995783767943635,3.151594319167177
feelings,3.965974160036791,3.6326124360297265
feelings for,1.3697530600469736,1.4373427046381377
feels,2.833595345654074,2.071149148270768
feels like,1.53307163355595,0.9111501065539628
fell,1.2325163436504831,0.7854550076593394
felt,3.9686406000234973,2.644593031586473
felt like,1.3956515432661318,0.5962095461091955
female,3.3039001182575785,1.7189521123975529
few,6.205653366588565,3.7763207393803495
few days,1.393393651160532,0.8592667579830173
few months,1.725441619642278,1.1511152623657235
few weeks,1.1594057989170676,1.0586358219119845
fianc,1.482162359688573,0.8431769197799535
fight,0.9862564874511249,1.0887161327478658
figured,0.7537245933783344,0.90652164373039
finally,2.1828133222456088,0.9788874410930074
find,4.562772754317926,2.59330621163843
fine,2.2932468559606787,0.9640448615134217
first,9.809024019013432,4.568705204551794
first time,2.307536564515216,1.4894517592759613
food,1.20538550624757,0.9235741108287235
for,34.173214433563786,21.49825587581798
for about,2.344881251557453,1.7308664254716348
for few,1.1595533410271617,0.38063151989891186
for her,2.717893163323194,1.780251867764454
for him,2.456084667934962,1.644020957976335
for it,1.2175965430201923,0.9153422615834372
for me,3.942482337219174,3.2033833219909633
for months,1.8302527048936987,0.7659551888480511
for my,1.625387608883367,1.1451041352532938
for some,1.832894419572143,1.10782233681123
for the,5.0450196312002005,3.3697183808594273
for this,1.2376653359506782,0.6218573553043887
for while,1.3024786137294622,1.1055939183495351
for years,2.48594997578966,1.741564505007282
forward,1.9882816146325968,1.9657360192650464
forward to,1.1012858655719688,1.1429514017654459
found,4.126101047763296,2.1166907243886115
found out,2.1062152291450595,1.2705483610753658
free,2.0616950321883434,0.9424372442165398
friend,10.838172941602176,5.786986035643369
friend and,1.3958538946293513,0.6985663655200678
friends,9.355674304309458,7.212807331507885
friends and,2.2024593277551143,1.4318564496219515
friends with,1.2186278686720187,1.4877921481112497
friendship,1.1882902379614448,1.4190124326365263
from,11.944476771337479,9.083941034885498
from her,1.1391080778547655,0.8590931484050874
from him,0.9560519645524401,0.3570980952505249
from my,1.227857668864646,0.8194473073389736
from the,1.8262192349234856,1.9122709542446428
fuck,1.548228523984646,1.048892542029143
fucking,1.2278464244021978,0.99330498078172
full,2.080047444898204,0.6592559852081596
fun,2.177480355682201,0.921930425942043
future,1.6423895415264036,2.135407115201965
game,2.1490088194765082,0.9205950645938729
games,2.147653772009667,0.5955128669200468
gave,1.2662741102886426,1.3251612094553953
get,13.742709109272095,8.594287490023245
get back,1.5644543715236499,0.7954815406600895
get over,0.9729642469497192,1.6585623732643362
get to,1.3103743104139653,1.341380574374946
gets,3.1883979717987123,1.941799770617516
getting,5.877036486626351,3.842707413216044
gf,3.534669827901723,3.087810769146518
girl,6.542483394555916,5.222136414502116
girlfriend,5.897525971027444,4.70908551447849
girlfriend and,1.2663193480351111,0.8713964569696021
girls,3.555807306258853,3.5189502027162227
give,3.8948581936148736,2.4149682072913676
give me,1.4740985575761152,0.785665902575806
given,1.323833028720971,0.9618140391063009
giving,1.7495625633417133,0.8769952248573923
go,9.92299503077931,6.319823128878224
go out,1.7963447013502662,0.5715154276305274
go to,2.446143564743411,2.2971869774276747
goes,1.7909860953215366,1.6799991698863737
going,7.149189349383933,6.226006921516407
going on,2.1921131710629176,1.207745086166693
going out,0.7610319020554597,0.6080552717194389
going to,4.162257459748999,3.463588191538352
gone,2.2402028610915012,1.5907085974315849
gonna,0.9116738552209024,1.508240902780555
good,9.164015204669134,6.212784523944727
got,7.513695930518301,4.48860566319132
gotten,2.406098685610759,0.8604915150061729
great,4.058104914120541,3.1156182530296617
group,1.3925355306005593,1.3945231884383442
guess,1.817774904939507,0.776535552251872
guy,6.995830811302967,5.720867493357853
guys,4.252709578164348,2.8414637045492195
had,15.933187982125583,8.760746326850951
had been,1.3316172478174473,0.4982492810681956
had sex,1.7496239180036004,1.546704956219852
had to,1.8285147632462946,1.387927447861955
half,1.478489785869581,1.3414206296492666
hand,1.4863238740117368,0.501115101243396
handle,2.1982850982892694,1.4678467098325867
hang,2.2979758684497424,0.6904372925708536
hang out,2.2504791317538007,0.617008853578784
hanging,1.2094127034208262,0.441366090823369
happen,1.7924563645973293,0.8753802185177633
happened,4.488292658715488,2.269865902845235
happens,1.1080662882052557,0.36271053822212984
happy,4.730773938205167,2.3106746062380985
hard,3.900799075188098,1.999448165066634
hard to,1.4055571507684985,0.6361332665710219
has,16.351507310421816,8.42813487427919
has been,4.234308454537678,2.6983077507199216
hasn,1.6478399799683756,0.9951866959084187
hate,2.0064987797961815,1.1705113655382564
have,28.57739859721265,17.606753221060675
have any,2.0462297949232333,0.8347399101735191
have been,6.267782363489486,3.846795234150094
have had,1.7470821592504142,0.8906470274122209
have no,2.1288607388797316,0.8524893136815733
have sex,1.8727904908607957,1.344222493015017
have the,0.9506248252060371,0.6112442178104778
have to,2.9716048590786954,2.468323462807
haven,2.528734107975924,1.4654793884079282
having,4.509229957918798,3.9907500317818094
he,53.27588422310984,33.657295239745984
he always,1.2625859406430373,0.8571164873064357
he can,1.5102482375938018,0.9542920932514009
he could,0.8775980111465302,0.5557695855312716
he did,0.9200334819585705,0.7342366576198681
he didn,1.4758996159341429,1.1269041608933057
he does,1.0378073614933443,0.9436199157090619
he doesn,2.588551867535359,1.648745402174596
he got,0.98233745681767,0.6275356127244622
he had,2.0275338738498365,1.1387800102860737
he has,3.888107016925383,2.1935573551511087
he is,3.8308553939596113,3.588382360836342
he just,2.1900334239813612,0.9055988123518889
he knows,1.3780969362949145,0.6819202526788075
he ll,1.2414918391013632,0.8864877767817475
he never,1.5352691345128546,0.5771045609628027
he not,1.17676869195917,0.44828447439678804
he said,2.9210255379005363,2.8940450328523424
he says,1.835705993390231,0.7911121162152238
he still,0.9711172170546359,0.5039031330598052
he told,1.6657374567540322,1.244399465663802
he wanted,1.3006268004216324,1.0537982770033931
he wants,2.00559825074419,0.9015759536086692
he was,5.0465059963408,3.712590700268208
he wasn,0.8802869461861575,0.4479704121376895
he will,1.1392382388774758,0.8177024801157914
he would,2.564326187496361,1.7035984743302377
head,1.7012601606325248,1.476308675272791
health,2.454651654529118,0.9018706232048891
healthy,2.116925192663894,2.558820781598866
hear,1.7823532475470971,1.5081435796142322
heart,2.1674988459537685,0.6661259900472943
help,5.450800082615015,4.554720280301121
her,39.34421159723538,28.572876851412378
her about,1.0669496239430303,0.4363305081355928
her and,4.425243224082404,2.8235880059828995
her but,1.6334061237729007,1.605496878974593
her ex,0.995709690189955,0.6144389191177444
her for,2.3752275883358225,1.1462107770454786
her friends,1.2004277087372843,0.6672491520444653
her in,1.1470479466528045,1.0675863639477052
her out,0.8902319935889226,0.7516871163673453
her she,1.337807853945126,1.3977805240866168
her that,1.5266185281263673,0.9737578501836123
her the,1.0130411866605014,0.6525849461316621
her to,2.961440426298416,2.2719889999909335
here,4.41675106096056,3.179201628550948
herself,1.5148507035226957,1.0227267968857208
hey,1.4959038346198932,1.7418257098570815
high,3.5483197202488825,1.7360910429131136
high school,1.7087175648850272,1.1121510384249842
him,28.366012140599008,16.56076509148679
him about,1.5382476077273397,0.4863455237137291
him and,3.6254589816948783,2.022324871085359
him because,0.6693872814213288,0.555075552556065
him but,2.6873143107477975,1.3076459591837828
him for,1.5806298763769016,0.8753764361804521
him he,1.632634244938752,1.0734136786923116
him in,1.1863984582036595,0.5078053413537955
him so,0.9896944126035273,0.7235319282753057
him that,1.9371645291687072,0.9278685709664526
him to,3.128335641354564,1.887431691243837
himself,1.87390341509574,0.9603171975121312
his,16.80807306931372,9.034683985293684
his family,0.9482782784480042,0.6972330250845709
his life,1.1448958996433927,0.426314663612666
his parents,1.031626991970823,0.7169592886359901
hit,1.1147870302172274,1.420819089113871
home,3.7065275085551956,3.37438743648847
honest,0.951773935803992,1.4707927646423762
honestly,1.8708764611815218,2.031969492676244
hope,1.535968685212615,1.0199961893354648
hour,0.9140681525420334,0.553097301688448
hours,3.273573300977229,1.0450009839320018
house,2.964201676214428,3.372685814805221
how,29.515828309721265,17.82618447224914
how can,1.5189047113074399,1.274588766719467
how did,7.199503264097259,5.079001373095786
how do,15.226292080926346,7.414236518717275
how he,1.3298873330853596,0.4611801663909756
how much,1.0288364048949288,1.2777872399947086
how she,1.0437390685991272,0.903898887510843
how to,6.376954683190354,3.9594393565862536
however,3.000189877404319,2.5293810424188656
huge,0.7611917068755749,0.9788237542921709
hurt,2.6341946496796074,1.9378556686309332
hurts,1.0707250184254868,0.7641677426269852
husband,2.5632282162350153,1.6466787970103618
idea,2.50693478259604,2.192201742475715
idk,1.7111863096231203,1.3161398941123819
if,18.178125325215333,12.863547454305928
if he,2.5067648371688556,2.3373158698774623
if it,2.4836898586315215,1.4072052309380307
if she,2.8887896045671773,1.437979906754517
if this,1.2045775908654808,0.679469919653537
if we,1.4449187740470235,1.2620966909474722
if you,4.358703629571113,4.430441767450557
im,4.484688789942447,2.3559676772391107
immediately,1.3680021571352923,0.43666360670612175
important,1.943952999442464,1.1483702109973752
in,32.706796116656676,25.023144753359034
in her,1.5366463675426345,1.2107911905157398
in his,1.5613185615347842,0.802240222842214
in love,2.538119777515523,1.4560960335608395
in my,3.6897936302630283,2.8162771176489905
in our,2.0354536029467387,1.1856930919322637
in relationship,2.314278864789698,3.061684656949198
in the,9.060324731572239,5.895785463705918
in this,1.6151898726789922,1.1234300686034973
in together,0.8210012848716302,1.1177659122902368
insecure,1.9233702099514143,0.874509791365651
instagram,1.6384296101878038,0.8802642611528603
instead,1.7845354522555876,1.3561552835706554
instead of,1.0839778858890723,1.164098003446408
interest,1.5730511416658188,1.9959274538518474
interested,2.083021081199707,1.934586078535435
interested in,1.7176748327201286,1.5706443988463052
intimate,1.1656374464588568,0.8369323248008028
into,6.1830804690520385,3.5684152331445587
into the,1.702461991684946,1.020102358457136
is,32.503501472542105,20.42915013281793
is going,0.9205407722343565,0.8885412663158991
is in,0.5989413900278647,0.9641137595011119
is it,4.048376539074712,1.7308735015539183
is my,1.4350393425709072,0.6180686671661582
is not,1.7848534915146148,1.3038931430906835
is that,2.875297209311169,2.473939087625717
is the,5.032562181524616,3.3500407519317346
is there,3.1891202700562555,0.9020543879232917
is this,2.5088892633012634,1.0578585356189454
is very,1.066307728432014,0.46181878038271484
isn,3.4903361862911537,1.914948522877145
issue,2.147514954370884,1.4724280280027255
issues,3.1676779852772703,1.84511264723083
it,43.99524242844352,27.734140967616913
it all,1.3528419275847192,1.0100622437722733
it and,4.240707647149464,1.8341778437337932
it because,1.3474442956625525,0.7378734099728762
it been,1.6623832125303546,0.9076060972767557
it but,1.636078966212076,1.556963089999819
it in,1.0554365267058614,1.2872105847480793
it is,3.082390821201514,1.7038724281216402
it just,1.767642564644698,1.864305820233738
it makes,1.2367874536732464,0.6520374331367528
it not,2.0889874500834926,1.1437560362416876
it out,1.3010795020610322,0.7286045036974663
it really,1.2953518726425266,0.6604201220534298
it so,0.902526105721961,1.126114404779932
it the,1.127276152718166,1.0547091187444946
it to,1.997042389696047,1.536520534509596
it up,1.4713336518654014,0.9451342543021373
it was,5.993166421092241,3.0958328194331117
it would,2.303607243939827,1.3747431521185356
its,4.271636809073149,1.5969155935862913
job,5.087325884475165,3.495943134275208
just,20.529400071006663,12.166514964355644
just don,1.6896439739444418,1.0924523796509908
just to,1.2507907498359547,0.46941686839485003
just want,1.5502422506429316,0.7588054525008079
keep,4.767740347107373,1.9235032661737013
kept,2.146228276371465,1.238708505629749
kids,4.809547226139499,2.1848054282511153
kind,4.997899644712209,2.1436502299373354
kind of,4.521025364456228,1.7736008190163244
kinda,2.7590316166673303,1.274242036409332
kiss,1.9050295057440332,1.5434088869017863
knew,2.913569558333126,1.4055333047401544
know,14.224171216040764,9.765678729332771
know he,0.8019900353267801,0.5861653075731103
know how,3.4930471462547863,2.8667818011620074
know if,1.9537129857947737,1.4627655466630927
know it,0.8904829048647904,1.063698070356111
know that,1.8842561532376794,1.5260164687191
know what,3.4354010781990376,2.697182840515304
knowing,1.455365309584743,0.6093005029903009
known,2.2387373496627307,1.585563284331383
knows,2.9131950408793275,1.3914297831400937
ladies,7.854063799139909,5.318739868193275
last,5.773053002070661,4.41551392378504
last night,1.0443958487927139,0.6480956057582332
last year,1.3471461243162175,0.5915047238807822
late,1.2268536871520324,0.7220916436611522
lately,1.27762749283977,1.2400985992304414
later,2.792697639570517,2.126540536079253
least,1.751628721585081,1.0603698302702922
leave,2.8754876750205534,2.292238122064217
leaving,1.0794252013518413,0.9509074769537068
left,2.9988730042823346,2.0688911435141946
less,2.2810087204587166,1.173536163395138
let,4.734256166278307,2.338188861003598
let me,1.3287025936769314,0.9348122964107474
life,10.553847169117198,6.319371607429007
life and,1.8758579903569526,1.0812173509497744
like,21.584835497560483,14.211624804428101
like he,1.9637047377868264,0.7962665422939944
like her,1.360178473459691,0.8705924561494561
like it,1.9747549043209391,1.2396319248947234
like she,1.2310500110679912,0.8270183493012403
like that,2.3036852119425006,0.818568854508628
like the,1.9134542316945593,0.8927699977517349
like this,2.289912780533274,1.3051263316870148
like to,2.978288837306763,2.8377496295165727
like we,1.508496972566582,0.6326410597454825
liked,1.5786972007357767,1.369778429245651
likes,1.9170666936209868,2.2335161266113
literally,0.8984000379916676,1.4083601577573015
little,3.568128371912926,3.117266452835836
live,3.74014165762307,2.349380759856423
lived,1.0919822061715265,1.1591711896862382
lives,1.5832597775962096,1.260787799574293
living,3.547016973817412,1.792404549719546
ll,4.326689395294766,3.210599265617313
long,7.338076609479936,3.9754826249910153
long distance,1.794289818321496,1.304270361357295
long time,1.0957903556827242,0.4627634508285648
longer,1.2253557277371898,0.911734439100275
look,3.127479083498879,2.2488627748711965
looked,1.0995402990938927,0.5696024230185862
looking,4.044172382317304,2.0157022486779272
looking for,2.420784595111813,0.9565443780778207
looks,1.887352083950963,0.4711468671573163
lose,2.0273983345527475,1.5413374556293047
lost,2.6511128818312617,1.356999879086097
lot,4.845330656641733,4.098165538321782
lot of,3.183242626523858,1.8687921649581534
love,9.176153285018088,6.318263030518418
love her,1.007430202267949,1.4103013691137436
love him,2.162311931793383,0.7756824233348271
love with,2.110350457475191,0.9936465898227202
loved,2.4508551413717723,1.9040435432502836
loves,1.6875517761819663,0.6550065906103968
loves me,1.0632524317705763,0.5839335191513807
lunch,1.9831768522814952,0.41853224795565225
mad,1.5764033708920744,1.769268926440787
made,6.108013081769264,3.5646570369572936
made me,1.7013581212245887,0.7869100256886843
make,7.614702308650813,4.665949299231473
make me,1.2956695949600445,0.6006675780682393
makes,4.448707150263681,4.876785475840893
makes me,2.3754492606996807,1.5269225144668204
making,3.3556201636676755,1.0876714438940325
man,2.006985091434878,3.0193035910629242
many,5.75322266593002,2.2446158449244398
marriage,2.8800085770652775,1.2827554471761522
married,3.9708141849791874,1.7350165916931624
matter,1.6403572739668886,0.6740283442951296
may,2.3764188242509108,1.0503216913442777
maybe,3.513697355095927,2.3228171677244656
me,39.39344515615008,27.55620044592679
me about,1.1389854916339253,0.8577282876137732
me and,6.634986430365369,4.531539010420517
me as,1.485786609373172,0.8370046597459376
me because,1.0832145536894204,1.0384123371054643
me but,2.170278110729744,1.9209928873254936
me feel,2.4612690939056496,1.7729122675087419
me for,1.445595885945761,1.5497426292350913
me he,3.0183541939385505,1.500238408013232
me if,1.3166790963250916,0.9707375418891159
me in,1.6981359999037036,1.3005752978934406
me it,1.3885232052317447,1.1522448326447519
me she,2.0900250676383925,1.7379171030833798
me so,1.5793154961744176,1.0178254312696255
me that,2.7037147173498903,2.532361654631461
me the,1.015976184410069,0.7911785239303589
me this,1.3096011071831304,0.5017493952135645
me to,4.730033676330014,2.7175147376917863
me when,0.8848687165602931,1.1522238678555872
mean,1.8284473509598662,2.310627017187846
means,1.4358568127460196,1.0481914115391366
media,1.8725470956923216,0.974988996344664
meet,3.6833946107251725,1.4140183932471233
meeting,1.759511206063669,1.1581494879750958
men,3.0446588504287386,1.9434951580104576
mental,2.618016998609081,0.8365594896386865
mention,1.018818958723704,0.4956878090478577
mentioned,1.078545481168049,0.5313548001902662
message,1.5512509014836333,1.9636812192335757
messaged,1.0653959182788615,0.5556641435085335
messages,1.7838486592297789,0.5931671663351049
met,4.495487074739395,3.2218041007346305
might,2.230247250108159,1.9325807304700326
mind,2.5379380701541883,2.404205974365907
mine,1.2853343438735232,1.0154214802250439
minutes,1.1015140849712426,0.7556723999706074
miss,1.197945989778039,0.7990170139685094
mom,3.637453426195735,2.512667800517726
moment,2.941292124553341,2.0376061993661096
money,3.7970090967422823,1.9233649478631618
month,3.4090088077173486,3.084552016632074
months,7.120744768279064,4.903313686630014
months ago,1.1319386917053684,1.853320706571667
months and,1.4596922493984261,0.9012684919932922
months we,1.3624222884335768,0.8891723588571477
more,9.46559788072854,5.296799677767889
more and,0.9263911101499138,0.6457345120570602
more than,2.1357248484842954,1.3563020647755955
morning,1.7589523445608204,1.3020330525473596
most,7.680558745025003,4.275944455561418
most of,1.683817903074562,0.845799687986913
mostly,1.2794362477953296,0.89678244302464
mother,1.0815026418427647,1.7254924535763634
move,3.394134567926528,2.7921131967409094
move on,1.4575580355805944,1.0163204979188878
moved,2.4919419018866606,2.229336120569151
moving,1.693553019730843,2.8510249219234978
much,7.2907834249123065,5.36118946739566
multiple,1.1464103957262104,0.8293043427417433
mutual,0.9210001993938103,0.4730906192343564
my,39.68808892155144,27.064129718344823
my best,1.959710707207934,1.470273898144919
my bf,2.1290449561851004,1.1142777815635594
my boyfriend,6.241776592016784,4.700881753687648
my dad,1.52991812058041,0.5045256242304351
my ex,3.7478258812710705,1.7530894913905355
my family,1.5480895051343295,1.2415038768526832
my feelings,1.391726765041396,0.7137009421160264
my fianc,1.2733842060935074,0.5248285840500869
my first,1.7073850705422788,1.0188668775303549
my friend,2.6499294609153767,1.5304053823159474
my friends,1.385618983956592,1.6221951642511572
my gf,2.3353292410903888,1.4450576582159793
my girlfriend,4.372781261423409,3.072983469225647
my head,0.597549984295896,1.073340740567895
my heart,1.4718246529468035,0.5660838769283824
my husband,1.4474252321692986,0.7367656758933538
my life,3.0596917085193756,2.0293652047500452
my mind,1.106906808510369,0.7155517573169868
my mom,2.177503850066798,1.9943212562260848
my own,1.458292361992584,1.4511960048246877
my parents,1.40157928535897,0.6250466356115673
my partner,1.5023038690477684,0.6366073997716946
my sister,1.7638104375336856,0.6933789261172483
my wife,1.4798408695724994,1.582228917725879
myself,5.5151934394772955,3.657038960113812
myself and,1.120673816776471,0.825867151796946
name,2.3188583598185533,1.1782960096505894
need,5.529328698787336,4.800193334017603
need to,2.4345683728715737,2.0780304381238044
needed,1.6636143387763223,1.1896174074904495
needed to,0.6130476377388866,0.7462497481619916
needs,1.8619668430543943,1.6570193344845172
nervous,1.9949185540897933,0.7642377139071451
never,8.746121545860515,5.046155537692524
new,4.541700496608624,2.9285699699212477
next,3.175854854631743,2.8758775695293632
next day,1.2938211696307855,0.6616957015030334
nice,1.9644519539767544,1.262051761718782
night,4.593363272607742,2.610324645558075
no,8.229632155264447,5.262616801573824
no idea,1.1949323782654855,0.6725024059707143
normal,2.867202138128191,0.8589788068246945
not,19.17351977466726,12.450939805641934
not sure,3.4293402986013373,2.0960780991992993
not the,1.2222036218748051,0.8160605356488541
not to,1.7007231631745618,1.0103017499604974
nothing,3.1278071551935587,1.7281370127792657
noticed,2.296515109821359,0.5419774062715668
now,11.11391332510597,6.632514885716198
now and,2.239286581033595,0.9099924813470565
now we,1.1478278844389025,1.0348817994306065
number,1.6707059419648624,1.3598755463488303
obviously,1.6070505424199708,0.6809921522083558
of,39.24550537579635,26.50510015362062
of course,1.3887891336455156,0.4444143445319756
of her,2.6439547664793275,1.7760943428464073
of him,1.017503726538207,0.6482835781076745
of his,2.040612360116674,1.339005952932495
of it,1.4495307015554013,1.1581720565183484
of me,1.7898896050972224,1.0552698741506037
of my,3.695412481924586,3.8479888514587097
of our,1.8684065323034156,1.1413577323209751
of that,1.7708604253338087,0.7479646925737652
of the,5.515491607286804,4.565459551169237
of them,1.7392930844667478,1.262928105497798
of this,2.3237998996703215,1.6000992490606984
of time,1.9573367303812015,0.564143016683715
of us,1.868801116602543,1.5609531599821767
of years,1.4298856084572864,0.9357285646782777
off,5.961096732134664,3.767952355876133
often,5.4132153278719475,2.8510191443499275
ok,2.1198268733455223,1.7750439663618167
okay,2.2506580034162758,0.9081848803996658
old,3.110911116111619,2.0426299147752487
older,1.7901391143734002,0.2878969105121607
on,24.534046838681494,15.873520372921515
on and,1.5211282444317389,0.8623384999766208
on her,1.897452605060758,1.4690418391391775
on his,1.0868046357120367,0.7002974656200271
on how,1.6650176820924647,0.9876249028870865
on it,1.270335829911569,0.7648601678293351
on me,2.4466557736553893,1.6157694166654475
on my,2.7925796093548474,2.1693970905952935
on the,5.172520621429938,3.3490563278323586
on this,1.6546560705868096,0.8577035036240415
once,3.505642851347415,1.934294945055953
one,11.075832743694361,6.1794351506648555
one day,0.9319928934923841,0.5768376805674853
one of,2.5181367682078313,2.6222628944331277
online,2.083741265104555,1.6745709625013734
only,6.08317176446534,5.1136652675051515
open,2.788388667059208,1.33184328963947
opinion,2.505817914921697,1.4061187547183749
or,21.36690580814009,14.713469436981024
or anything,1.2751411465809732,0.5894729359692001
or if,1.3115775808156946,0.41601852597629757
or not,2.466961502302564,1.1478477710085861
or so,0.9449560057942443,0.48020757834134326
or something,0.6957533771078931,1.1784142867644798
other,11.529355708727264,7.8186548462223
other and,0.9881805045874378,0.8785299957796628
other people,1.254697301231253,0.9082746284416436
others,2.2911323172763765,1.4800988007989127
our,9.796269826318834,6.414438186950612
our relationship,3.4038752759106843,2.0028238681472414
out,15.450464844089751,11.216750456790374
out and,2.6064247416252377,1.412182577575892
out for,1.1405232277933892,0.9836497219818104
out of,3.911291650975051,3.2868948359183743
out that,0.9913112008841445,0.735279586392513
out to,1.3941815405018476,1.3481568686184406
out with,2.5399407195352315,1.0962664021922708
outside,1.7853777411055016,0.8786563691139904
over,7.807047476633052,5.490349759788695
over the,1.7370306026336373,1.1610270138173773
own,3.332953301738058,2.5899896510557148
parents,3.5410196508900187,2.7332383495992363
part,3.228970534270787,3.2874402031455308
part of,2.1300965354509978,1.7856450272966842
partner,5.966751095882373,2.796890586975469
party,1.472734467044087,1.1607372384704844
past,4.654725050982812,3.563280737025905
pay,1.7224913533868067,0.9400203738609569
people,8.373584238964144,5.8852417657998775
perfect,1.1729472437085382,0.8592528653841537
period,3.224871031431843,3.0820604455417833
person,5.111410578529169,4.063830210148805
personal,3.1041376769750313,0.40437137922914623
phone,3.69114864880909,1.8213614656306272
physical,1.0380302941850492,0.9923845795831461
physically,1.1263811416443792,0.9073827969316064
pick,1.2278317161552952,0.7386584292133953
pictures,1.2626695873157459,1.0817873028575418
place,3.807829360105949,2.574778650594895
plan,1.2553197358965438,0.8804384868367418
planning,1.0917434891788198,0.9058448301711226
plans,1.617305703190864,0.691196430484505
play,2.689820004335632,0.38248043464689396
please,3.002097290955383,2.0268685985321544
point,3.9223217355394917,2.0307581776379315
point where,1.1239365282044915,0.6332308061571099
possible,1.5557895638284323,0.7247036012397653
post,3.0988009830641134,1.4613518243716388
pregnant,1.5304380895479412,0.31453936207725
pretty,4.573810351369489,3.252392880990195
probably,1.7195423444995286,1.2306462398030127
problem,2.661064074823108,2.125070711026119
problems,1.3144020815395994,1.4140417810749004
put,3.0592808378982936,2.1106918243273705
question,3.5967010978881113,1.820224594734637
questions,1.057906632462541,1.3216949897668795
quite,1.9906984170646704,1.1591685303431611
rather,2.0713197903935194,0.8513220103508795
re,9.179637760008527,5.751100133724841
re both,0.874900769817792,0.9992306031884586
read,1.9732916648918581,1.2925809978255258
reading,1.4157049223774554,0.7481009970676433
ready,2.523185809324672,0.8622564290903026
real,2.637487177964773,1.5836915376093381
realized,1.685233359687751,1.3066537089805814
really,13.01452023614113,8.533627664198827
really like,1.158040029516769,1.0332313258437216
reason,2.0999433179907934,2.186208747726482
reasons,1.745403716492864,1.2543990311527524
recently,3.9280521942125604,3.62478677363824
reddit,5.357735581431566,2.7957482425722655
relationship,14.347400823906431,8.778730339897278
relationship and,2.207947995056533,0.8880022820260713
relationship with,2.270922403387732,1.9223459171507216
relationships,5.499035666348763,1.6073779778489767
remember,0.7201556044348267,1.0055232094838162
response,1.4439346082653914,0.7824155312313384
rest,1.154136778942765,0.4901945419874037
right,5.447671387903039,3.773286096344566
right now,2.176421014180006,1.7994494964293466
romantic,2.2509601405318875,1.082793652266353
room,2.0480299827986728,1.3988506044395304
sad,1.541779802460589,1.1301704447473073
said,9.433576940368287,7.963851783166951
said he,1.9750377962853691,1.6412049435012022
said it,1.1364668366287651,0.6413524552359992
said she,1.4652275902811693,1.1912829099440514
said that,1.5248759909249028,2.167547581306644
same,4.672550003159313,3.110426341800713
same time,0.7263703848481767,0.6371979236791998
saw,2.304048358807462,1.2552873520101224
say,6.350522262166574,4.065275980017449
saying,4.256366006258812,2.4479380625667924
says,4.566855105183616,2.635865921351077
says he,0.9476434222282174,0.7131321438547241
scared,1.6769983944051274,1.140032013438221
school,4.362430702217934,3.6425008850541682
school and,1.1701870144050437,0.4070575930952493
second,2.4471113368945723,1.225773046575527
see,6.94415852350183,5.476192872442374
see her,1.0244309615645963,1.0215801532433089
see me,1.0426894760514123,0.9385865237438316
seeing,2.7481645953259117,2.5298769932713787
seem,2.002859720258102,2.0039058718673104
seem to,1.4757801948975175,0.8859024567157081
seemed,1.5174254919358972,1.1583586869372575
seems,2.841905681600636,1.1081623283063462
seen,2.7031835988166466,1.4316916648320748
self,2.7953320180423615,2.4854340269742883
send,1.0407312146820789,1.1984418214522319
sending,1.8024961584015868,0.7173546366383936
sent,1.4143827999326573,0.8592134568460519
serious,2.7128616849693308,1.5025336758012395
set,2.024281416428456,1.0642710178235586
several,1.273206515828141,0.5807731904384937
sex,8.675810941410848,6.609431525907981
sex with,1.2906090794439393,1.3240637915152988
sexual,2.3997877055024768,2.9562043293314066
sexually,1.067370020481759,0.7871600128804624
share,1.8040817875366744,1.0963623645164056
she,47.596756228142794,32.701247934959554
she can,1.11150270248671,0.8303310804418198
she did,0.6955377825656469,0.6624220166719456
she didn,1.7125939277583981,1.2444078616961047
she doesn,1.7843941850722416,1.7042807966312914
she got,1.1945578045590297,0.5067778340596585
she had,2.5045880169967507,1.5065207304278847
she has,3.1417546716391573,1.9545702905490203
she is,4.355833819384959,2.70134989126426
she just,1.4595348122063645,0.6820938505852575
she ll,1.2834386575669088,0.5812253336527484
she said,2.8658518979830525,2.09970889363404
she says,1.8834530059589365,1.1202364148481796
she tells,0.7502230935821137,0.5458051255886617
she told,1.5692040632484177,1.6322776138331023
she wanted,1.5131756594303636,0.7954059424510554
she wants,2.019233449541769,1.3938587655313361
she was,5.4349745548259625,3.7875263712770875
she would,2.3930096007149824,1.1718696001656792
shit,2.37822620784441,1.390801043280085
short,2.2758689201679867,1.6680312171683984
should,9.260723203494234,5.774896800340891
should be,1.7324922909875407,1.0898998308703032
should do,1.5602382232513563,1.6271960213464127
should just,1.5466448805879256,0.5985858303229564
show,1.2437889877362944,1.0191994973994707
sick,1.1252417816376434,1.3449300655747336
side,1.7009596480534501,0.9167481564056116
similar,1.9560278618892983,1.3465364351292965
since,6.5536971669730155,4.2731603116099235
since we,1.7655782810356315,0.9831172948342721
single,3.337112405207865,1.0469117488369046
sister,2.839723134980659,1.010132054442757
situation,3.3459384866953386,2.2069933629052345
sleep,2.2375483535971403,1.9860923179262104
sleeping,1.2104026353897448,1.028501766671364
small,1.660203088393976,1.482011224025045
so,21.47919586038209,13.848101177756158
so he,1.104582471098537,0.6279879667746256
so it,1.2094523454253872,0.7457109982966639
so much,2.6983975596458727,1.8067238751728492
so she,0.9228457801430355,1.038864168063335
so we,1.4741736950854512,1.272564745905227
social,2.550370680608408,1.5817734971988526
social media,1.8675266244722897,0.7587643486680685
some,10.164110594559206,6.273782344676999
some of,1.3004546540461321,0.9584233066242717
someone,8.567467003931887,7.468834605241567
someone else,1.0998877904834916,0.9814793488268996
someone who,1.6057599294972942,0.7013332183089206
something,9.106963450022876,6.150094568450353
something that,2.3946668902322736,1.2293363254322305
sometimes,2.8801202221153135,1.825314297985409
soon,1.735804364165859,0.9978641420724557
sorry,1.9680671532024587,1.5247485827253096
sort,1.8544025873676229,0.9410999157592279
sort of,1.6620866147227495,0.611706036916987
space,1.5249257818307158,1.5756654830706935
speak,2.1976506094927375,0.4215450970931108
spend,2.7566271987649094,1.5209374793945933
spending,1.4926018326592756,0.6841993481856683
spent,1.44756834873053,0.7012649965314772
stand,1.6003948344275785,0.5669430083212859
start,3.615149010553936,2.3133488005881486
started,6.073813896131679,4.470333365348634
started dating,1.9833155943240617,0.7455499896235285
started to,1.1833670490385404,0.9394598142460548
starting,1.335378643671021,1.0517170529324291
starting to,1.0794374083725478,0.7753876913763595
state,1.6459401526543425,0.7542817927865313
stay,2.48186626054344,2.6205199715037497
still,7.365763355647293,4.8908717140669395
stop,3.699416354838832,2.2181179342375144
stopped,2.0021118989171534,0.9929269123401714
story,4.030751081850905,3.59766362101415
stress,0.9722843693080664,1.3578882282646163
strong,1.2470074068956192,1.0528646903437116
stuff,3.3979718735136086,1.56779433150104
stupid,1.9729442059141515,0.8901358413209159
such,2.571549855342715,0.9983845048636347
summer,1.145385065430398,1.0524775202584478
super,2.404873195921052,1.0763842420177574
support,1.8614618672825238,0.8466059918802478
sure,5.641261384837864,3.2271947955466604
sure if,1.3892882275895369,0.8840424278978806
take,4.910709312559886,3.9949017210395366
taken,1.516764696920404,1.5719603001097324
taking,2.2291095143091315,1.6689574360633967
talk,6.671809494385617,4.346588886787133
talk about,2.498352870479085,1.250518622752739
talk to,3.1932206264644365,2.496790398144457
talked,4.0641114073361715,2.1935826844253334
talked about,2.20158181570424,0.7413782041234092
talked to,1.2236724534207788,0.8478832593181445
talking,5.606281756666945,3.5242329329581037
talking about,1.9414935145675096,1.0984997568170285
talking to,2.7661120529217342,1.459105454306411
talks,0.9231687126951451,0.986029741864339
tell,7.315944867038483,4.8015041457875975
tell her,1.9517044868266793,0.9778060688853644
tell him,2.497437161149319,1.398717559058309
tell me,2.3369077335978017,1.4268504546846128
telling,3.881994076198829,1.6560423601889471
telling me,1.355675887972053,0.828506427295208
tells,2.5932646405983375,0.9679083591872646
tells me,1.7907800175091333,0.9010579434520245
term,0.7966339125251608,1.513377107987943
text,3.309739272438416,2.661705658413244
texted,1.6272361695871727,1.3767928512242071
texting,0.963361696629871,0.8696120772083684
texts,0.6403668023634833,0.7146459970679888
than,5.646675532109803,4.256225620424768
thank,1.3057278807408126,1.3998187068776031
thank you,1.1484517678578476,1.276343373745352
thanks,2.226448125923061,1.8815632942635352
that,42.27604104520123,26.35000574520169
that am,1.2495322669002593,0.41671383893796565
that and,1.4447807673603181,0.66428954149344
that but,1.2061838542284125,0.6159773056070748
that can,1.4956161832271475,0.4948256379345324
that don,1.707322820342773,0.9831891456699572
that have,2.166047875039842,0.9312114737923474
that he,5.9579572527815685,3.8549484458489354
that if,1.254233698809509,0.763746854250219
that is,1.0967843231696304,0.8048191836743764
that it,2.5118078764480782,1.506878040356239
that my,1.2758677912783396,1.40429671442694
that not,1.9770198978645992,0.9067172824536007
that she,6.040216035424497,4.119806599508731
that the,2.3930612942752076,1.5113987549639711
that they,2.1024152851707383,1.0504773185852427
that this,1.012967301572049,0.8301641222440529
that was,2.2407046004241367,1.229001819209209
that we,3.1724404144050466,1.9817523213856223
that when,1.084255747810187,0.8681294595109718
that would,1.52742291382631,0.5646427478831012
that you,4.458353649080814,3.391015155408798
the,58.674563062278835,37.86887257230242
the beginning,0.8948119722381783,1.0679495096937437
the best,5.744642162436888,3.5370980411110096
the day,1.4687867903006615,0.655258377423627
the end,1.3898431508792137,0.7196376930652384
the fact,1.2138641766014195,0.7859062119688932
the first,3.3201354455732286,2.1920063491416015
the guy,1.6221678261067964,1.0191695998569474
the house,1.1278496091223194,0.6595707018508687
the kids,1.2818382990475732,0.3858947257528907
the last,2.3253534298755008,2.595093708696272
the most,4.2893879706576055,1.9507645769874935
the next,2.3767590594208485,1.6206445209922404
the one,2.410619319229999,0.6630767035286764
the only,2.0489920310878165,1.5269562879538532
the other,2.825409997601532,1.5730709691489795
the past,2.4081113835640875,1.985985255576828
the phone,1.0640480898773081,0.5866750799492215
the point,1.4361032555011035,0.737285950806552
the problem,1.2622290670045986,1.0327261113654571
the relationship,4.217491287777176,1.9477058462661254
the right,2.0480948100843204,1.0904684397250346
the same,4.151813917936147,2.9238749623186995
the time,3.917985092104451,1.6840016098415584
the way,1.3639755108916525,1.6486868818280862
the whole,1.5578099497115199,0.6925516908607123
their,5.3294203645736955,4.04341024343347
them,9.85639466962565,7.426969976365926
them and,1.2935454664854127,1.4607365744167435
then,6.722726096757939,4.790956350518723
then she,1.1730317407025876,0.8028074018679147
there,10.810705793073513,5.609719816625638
there and,0.8644282474211027,0.547115059247561
there are,1.4750081836065083,0.45759661507139276
there is,1.4035500477283085,1.0287834936586129
there was,1.368570732645818,0.8275696042852315
these,3.9942042531237587,1.830631325535554
they,11.853293953768903,8.89313350709672
they are,1.2782745629533694,1.9457653227119625
they re,1.9527884388381584,1.4893503719275891
they were,1.835916615262943,0.4682669714912698
thing,7.54822255189394,5.450552042266589
things,10.354540897391054,7.460341399395428
things that,1.4838739840559307,0.8042858924008951
things to,0.8438928322652752,1.0436540868519502
think,9.987519985447323,7.675714621665194
think about,2.0537152647062937,1.7251257340914448
think he,0.9832747794763085,0.6837017009648997
think it,1.878664241417597,1.0571521782119968
think that,1.024310784838838,1.0996154462603949
thinking,4.595505597218983,1.4857731468473725
thinking about,2.151042787804995,0.6512680496881034
thinks,1.7530755385252303,1.1866645796385895
this,26.347732013490845,15.673581290942197
this and,2.3246697315450695,0.7728379900602482
this girl,1.6636463028550907,1.7820096839981265
this guy,2.217539530085028,1.4392559011373933
this is,4.904993165474192,2.255639542486607
this point,1.1788104014164118,0.9499266550541328
this situation,0.7793938493643263,1.2679695202481667
this time,1.4753016461200206,0.6429440098836712
this was,1.6270569910784054,0.9881339846715836
those,5.5498833591977865,3.1437127413606625
though,4.106153261112267,2.2242992750067154
thought,4.90929006936485,3.4312563607663398
thoughts,1.2231867497249829,2.850811524393676
three,1.4960601401226417,0.9015542414059389
through,4.431935774507224,3.054038014133287
time,14.800963447843737,8.238999854738976
time and,2.026058660696865,1.148367760060709
time but,1.2132479286650488,0.32943183587067554
time he,1.1115751598634984,0.4156441364420413
time to,1.9287079143404116,1.0331450856821869
time we,1.22612448891578,0.9673853423808197
time with,1.6408439071280594,1.031819280305113
times,4.86711799246843,2.8182700031306265
tinder,1.1282577813663865,1.1035097713532944
tired,1.7031460992678806,0.8095982091681202
tl,2.1696106301141977,1.277664237470012
tl dr,2.1696106301141977,1.277664237470012
tldr,1.0560178117784451,0.9126188070882946
to,82.4680448229675,56.51029158088531
to ask,1.4432540581809201,1.5479235771894526
to be,8.932356946858379,6.103465870353165
to break,1.249122045239012,1.1385337415732004
to change,1.2583007435726101,0.8566459327981757
to come,1.472705916873908,0.7106806356845219
to deal,0.6768770712868354,0.9131316564418226
to do,6.233057305478068,4.757076150839346
to each,1.0989807608163427,0.5775839968636403
to feel,3.043196112424148,1.034546699201806
to find,1.3239708933123546,0.9455159732077179
to get,6.640643357347512,4.125485031787825
to give,1.85888490105673,0.7427883440430402
to go,4.417134152479496,2.1206885113455534
to hang,1.0840201239154603,0.31470886354839755
to have,3.891737419733392,2.2791095644066304
to help,1.556867567836304,1.4368544476427938
to her,4.424518611063869,3.5398199607369394
to him,3.409731989279937,2.212505171695015
to his,1.397727350736168,0.7881070884909224
to just,1.184140252157069,1.035133155545669
to keep,2.5958179023006878,0.6068827246995503
to know,2.501038159625562,1.8707547569130467
to leave,1.444014514753335,1.1357456079222528
to let,1.117125680139785,0.6052670737383257
to live,1.4317751411026607,0.9997396641054238
to make,3.944412751652549,2.0553458199955252
to me,5.152608116759371,3.77031110698497
to meet,2.0804595107191557,1.0669593191927234
to move,1.7595353150455608,1.832077405623774
to my,3.387607682209694,2.9695068993115585
to not,1.1336884215159788,0.83955929708948
to say,2.8157538654408616,1.729549889028528
to see,3.4097406126133625,2.6989422936836225
to start,1.9310493124047894,1.0091559234119694
to stay,1.7036549688885216,1.3367243411378054
to stop,1.3463309217126704,0.7165596390740664
to take,1.9350071018694999,1.5719099691320233
to talk,4.088231949295623,2.2579705961578442
to tell,2.652537836792422,1.3369738481954736
to the,4.686926792540365,2.63087156904417
to them,1.3977699564307862,1.0943054019249403
to think,0.9534363321113537,0.8932069566481341
to this,1.7324110781818083,1.3391331232035497
to try,1.4343837983518337,1.1506481055926365
to work,2.19552260457111,0.8583947754891478
today,3.7017349479605346,2.384938605116287
together,9.864671616471577,5.654029693244556
together and,2.247725213194788,1.2834727961677443
together but,1.2025452836291302,0.48480255379961956
together for,2.5591299295822427,1.416294075253471
told,8.849954819153098,6.736073778349664
told her,2.2336586975076202,2.1953353252669237
told him,2.876952408935412,1.3762631515051607
told me,4.204947556866644,4.050135462720899
too,6.853194741867357,4.152503378289396
too much,1.8664184361463592,0.7342799726256923
took,2.1519105004641963,1.4924084364285888
towards,1.6697390209936227,0.8574863576470472
toxic,1.6811390521738658,1.2889939439316107
tried,3.9063767674860586,1.5377913770320701
tried to,2.030146795503469,1.1135579529734698
trip,1.4255132900381982,1.610666048061874
true,1.2046708131037311,0.3764235384098367
truly,1.2388138423893593,0.6617962517395415
trust,2.7029089248488627,2.155525552491039
try,3.8951210702928525,2.9422787615835535
try to,2.727605246750575,1.8303915845276943
trying,4.44520669009027,2.6404475108716152
trying to,4.224205456005289,2.336726381887721
turn,1.5475123231362404,1.953695766869923
turned,1.6691075111065958,0.55533968891948
twice,1.1630855012409738,0.6774369120739859
two,4.178510453393357,3.064324323162137
type,2.634949956637436,1.860458603449444
uncomfortable,2.040159994739645,1.1407683059736733
under,1.6925580793387927,1.0270563078930517
understand,2.544602717436736,1.8888919003775788
until,3.0270017039724064,2.286696277889464
up,16.61355862534387,10.904526575526061
up and,2.623730572513304,1.3665005101842076
up for,1.1661297939923803,0.694571381355051
up in,0.9713731076822189,0.7264988884575393
up the,1.4337260935546783,0.37988124721519073
up to,1.87830264180971,2.1752081062842636
up with,4.594681390453739,2.966203132429397
upset,2.9174626236547514,1.2699146452195498
us,4.833668598599951,3.3232788831904077
us to,1.0751462890796566,0.4100878656949673
use,5.114830286474013,0.9986247806375264
used,3.6009542789644735,1.6800135601758381
used to,2.93758914719235,1.3359899656226675
using,2.0787930957032796,0.5867765368994795
usually,2.377689852752165,1.2887141759269984
ve,15.525040211545274,10.614176607447144
ve been,6.19006433604015,3.3637099491760396
ve had,2.051687919015248,0.8319377509056372
ve never,2.211918005204865,1.3893648834897994
very,8.00368494211716,4.3009876731001695
wait,1.5789644547414072,0.9044102934248088
wanna,1.632907009256193,1.6734451725607402
want,13.968599847205946,9.762565998754825
want him,1.0811561533839649,0.7113558526598575
want to,11.432201600877065,7.49111560011336
wanted,4.993443104084331,3.6975560677116284
wanted to,3.20442876192985,2.682565010877853
wanting,1.3191001647254341,1.1241640124227592
wanting to,0.7734284354155577,1.0032120165074214
wants,4.816634644396368,3.1437084176558536
wants to,3.297673799473076,2.118592422461488
was,30.37427911672008,17.840370054562126
was going,1.4206633221440044,1.0805779415229784
was in,1.828793526066681,1.2514040857390067
was just,1.5894639481694368,0.861047887794504
was my,1.1500775386291926,0.7808769787027503
was really,0.7914490026763786,0.7957129070773691
was so,0.8635737691499035,0.5326813485740031
was still,0.7572911194658372,0.5712986076391612
was the,3.755870536325701,2.233047440611979
was very,0.9577589497957696,0.9787090958867344
wasn,4.262851259294629,1.9668475115847353
watch,1.957670321262376,0.6048692811692313
way,7.8221294431699055,5.191765281980648
way to,3.2366955741602386,1.1353738765804318
ways,2.2191767897329875,1.011484842168662
we,31.964147045160193,21.343909274973107
we are,2.590236153831406,3.302197705729996
we both,1.625024450222142,1.54942066323078
we can,1.5509573290502705,1.0640171564687966
we could,0.8798703101384119,1.2039647312029091
we don,1.2273620527342008,1.2393127490881544
we get,0.8734214158919025,0.6797575917860951
we got,1.187201970204552,0.5384344061150049
we had,2.7212972482900364,1.8373877290865963
we have,4.426287316661491,2.42692978233399
we just,1.0473577768820541,0.8499806590823097
we live,1.4646930278863342,0.5183588089801408
we met,1.7881600429980573,1.1218813647096026
we re,3.599310490813264,2.5923556465401476
we started,1.3453966272731652,1.0579284302627243
we talked,1.1412179788243533,0.6897126357322407
we ve,4.07828991041999,3.0648582184488795
we were,4.511311782017313,2.516532032672675
we would,0.9915295107326565,0.9154776842328005
wedding,2.0289450046159856,1.3622216726677292
week,5.2833357772304925,3.23577338672613
week and,1.158268430652495,0.5080087968570609
weekend,2.1480254380657553,1.2006051231590695
weeks,2.9403638509132146,2.9741712468804136
weeks ago,1.148027186479636,1.02849712929472
weird,2.3660425280507207,1.6353614222839503
well,5.338595359154151,2.482757274654325
went,4.838904768530133,3.471508889256326
went to,2.7772573499551885,1.23747109258041
were,9.951543801639351,6.33322052743074
what,39.731987799335364,27.323931484527964
what are,11.428226450896995,7.65655318608427
what do,7.0986112669662464,3.966617923325132
what he,1.5565422548192973,0.9070339464279512
what is,12.341316884974475,8.472860466639068
what she,1.3493164916732985,1.084713373622304
what should,2.475202737073261,1.7661155269215703
what the,5.172519902371361,8.241126546341663
what to,3.4907674306482255,3.1043132838918717
what was,4.317457287555974,1.9798320864555128
what would,3.361610699737583,4.050724231598168
whatever,1.976544256445143,1.203233075274945
when,15.75195960272711,11.480550382840725
when he,2.5369219453394627,1.6913986292247956
when she,2.0346808216661123,1.5756222247075127
when they,1.227104332565219,1.1661907661942459
when was,1.2404285846059666,1.3195278696088253
when we,3.175383022616963,1.612140959694698
when you,6.3953235843571195,4.943475594490893
whenever,1.6776040734054827,0.9244343346001722
where,6.411344265218985,4.7406288712918325
where we,1.0274575171965843,0.7074332822342915
whether,2.1231692456666056,0.9189365480749804
which,6.745906297361608,4.326391999515611
which is,1.3252886677382572,1.168521234032276
while,5.665325025350126,3.5088635229202723
who,10.921642749142663,9.343067330398188
who is,1.1007338254321901,0.8003495245171803
whole,2.824394056397761,1.7674355529587382
why,9.604884017358868,7.425264200015381
wife,3.0763867754828174,1.858033275393646
will,6.199888878826006,4.24805351541432
will be,1.4986999764704458,0.8238414920103252
wish,2.9456356635003775,0.6541357937458195
with,32.88301493050643,22.871155199253604
with her,6.419053580019313,3.868590852575285
with him,4.418700102016181,2.410525407416463
with his,1.548119234618766,1.0294616866102007
with it,3.008838599274666,0.9975710842753565
with me,5.371341160605773,3.060931845090777
with my,4.5017310132423365,3.2286771476216933
with someone,2.3874368354553748,2.528964044814525
with that,1.7345114306703333,1.0486530006557309
with the,2.903711955599521,2.364127641220197
with them,1.3036317135761826,0.9479024310619185
with this,2.13703014361116,1.8740502734189346
without,5.212407162333789,2.1219429487811623
woman,5.9910863022387515,2.798524907970242
women,9.16613725770492,9.441761983140516
won,3.270146894222764,1.9603162201379778
work,8.410593368889094,5.377863072628858
work and,1.044495376074342,1.0114975897951293
work on,1.4888046088764368,0.31785653688436594
worked,2.115600361252721,0.6923505351229977
working,2.5957490209436274,1.785587432839812
works,1.1010197475816679,0.4093397499976398
world,1.957370408526517,0.4209843494235952
worried,2.5442034898312476,1.2817047035237756
worse,1.7678634627512302,1.4441002303789943
worst,2.923019531927082,1.8771560614384706
worth,2.538069609603769,0.9680377077132132
would,17.029231673194126,10.728336260500914
would be,4.5951641737475795,3.202007624457676
would have,1.46245873714351,0.6218041573813224
would like,1.497890861863162,0.7592107233150057
would you,8.673845863402518,4.319126595407154
wouldn,2.7395708661425258,1.2648080913965682
wrong,5.05105789716683,1.760854034895748
year,6.406077381649262,4.847693086512396
year and,1.4858288808031626,1.0468907062857642
year old,1.375880128900459,0.683056943635134
years,9.102900218278473,5.298311960797795
years ago,1.365836737032264,1.0669494674437026
years and,2.2607906184948514,0.9436006114078485
yes,1.4259476914361415,1.2631909024495174
yesterday,1.6933028279780995,1.4355638742682297
yet,2.417845075978414,1.5874706267612648
you,53.887508178535434,37.52046103327781
you do,3.132598712837562,3.3920185120265214
you guys,1.4065742707016176,1.120377954705953
you have,7.016907592728514,3.220513089504844
you re,6.73373255608776,3.5246828703198387
you think,4.466785680661419,2.575743677619901
you ve,4.67779137335764,4.684407621025471
young,1.59413812578623,0.9817051199585038
your,36.60126692647182,23.505121041895837
