,nb_coef_switched,logit_coef_switched
able,-7.697799514236152,-0.061098344028553915
able to,-7.69490044190097,-0.0391976264258931
about,-5.659411371604843,0.5038528717825193
about her,-7.6620558782498325,0.12843103144874482
about him,-8.011261469483191,0.10394543805292446
about how,-7.73651732155426,0.07088512352424682
about it,-6.9768128506441,0.25230529544113633
about me,-7.7141841884738405,0.1550887044059345
about months,-7.825106211422773,0.19245199243460398
about my,-7.760799546382463,0.12281510706975256
about our,-8.007316261644025,0.06463818137873764
about the,-7.789013809636793,-0.10226486998445469
about this,-7.5956027969952125,0.13792200697393905
about what,-7.9109594585597875,0.09747182212890164
absolutely,-7.933276188844321,0.08959726135148498
abusive,-8.03287948753804,0.0796269866473459
account,-7.9754232767321165,0.06339093551480016
actually,-7.427552257618517,-0.13243267996509678
advice,-6.736544775825817,0.8081181595449042
advice on,-7.697695276957761,0.5992118491046053
afraid,-7.754908199852033,0.10190368997262247
after,-6.413670214192957,0.33220036026724553
after that,-8.08129753518504,0.051252875539584034
after the,-8.200733722127174,0.041313127294042545
again,-6.816350524456311,0.2523415755881697
again and,-7.8965273390738515,0.09129880520538369
age,-7.634633146614929,-0.0670689308198562
ago,-6.8750811536182175,0.24838453184008516
ago and,-7.909494286182321,0.05740172523474346
agreed,-7.818245962568359,0.06977341716938672
all,-6.180804813349518,0.29313379062852474
all my,-8.089659916626065,0.020298571569079955
all of,-7.662935803484818,0.10950625013923362
all the,-7.517947574756823,-0.10247569522013109
all this,-8.203706045526147,0.03491962969598079
almost,-7.15464090598974,0.25028486650834436
alone,-7.498749230900131,0.11514878600074471
along,-7.872382515837317,-0.03184199385293312
already,-7.5033582424237775,0.19540062879080597
also,-6.656665219469845,0.2280320500970003
although,-8.110750596466039,0.03479557671507046
always,-6.6650573312720285,0.29935466643102016
always been,-8.0918043697886,0.06787233234586738
am,-6.121595299503492,0.9776026635969404
am not,-7.852470417191373,0.07943514707117792
amazing,-7.797092125048861,0.05073851415486191
amp,-6.787276403768605,0.3016780631550408
an,-6.497695421405742,-0.03914991961326268
and,-4.253006125485024,3.018728696686806
and all,-7.957535991245581,0.05667003286193882
and am,-7.776978811137943,0.07680431044818123
and are,-7.850517897108182,0.15355766731628187
and asked,-8.071608231234816,0.043420393583568515
and can,-7.705170140171971,0.09372023162873998
and didn,-7.971522209134297,-0.025320510604310297
and don,-7.1773503950726765,0.3505967241928574
and even,-8.127824978128391,0.03144238394832416
and feel,-7.74937680182303,0.11698769434881838
and get,-7.902941500508052,0.02510348170041217
and got,-7.897782107742862,0.13817094466978408
and had,-7.821179953884503,0.09764535353185172
and has,-7.972046766400746,0.04856774174008243
and have,-6.944971786208354,0.36603671661077597
and he,-6.576435381970171,0.3906732358897574
and her,-7.795186999848441,-0.02443686661953121
and his,-8.025879069929545,0.03913210220292077
and how,-7.7705280593535,-0.029545447221143425
and if,-7.7674785817437115,0.1994914218052122
and is,-7.869432313168982,-0.09291707372457017
and it,-6.951934237017515,0.2941041061145907
and just,-7.3884890761850714,0.25905592000226685
and know,-8.013757338052482,0.13976768009544271
and my,-7.094244023860313,0.2756639121462148
and not,-7.429288307637522,0.19437306345092678
and now,-7.839998104567319,0.10266167907415338
and really,-7.936512208584177,0.09540145003307704
and said,-7.7050309573561115,0.11430491677107242
and she,-6.7252277095235105,0.21314575000043795
and so,-8.05963070565178,-0.057547819981624414
and started,-8.140913479001616,0.023789407634998205
and that,-6.986712005563154,0.2169537725069956
and the,-7.273907620217085,0.2888108374294881
and then,-7.58876846739177,0.07442721925374206
and they,-7.805133496091424,0.03626601443765376
and think,-8.017791295164363,0.02674166701849735
and this,-8.044612521065607,0.14985018699484942
and to,-8.1397212874964,0.04258143133640799
and told,-7.716445313437477,0.1115261392053529
and try,-8.079134390627571,0.04501757550475497
and ve,-8.100292278648917,0.04354711186999129
and want,-7.849357410191397,0.1363176945080844
and was,-7.594510151844445,0.014623564861287814
and we,-6.845834951785021,0.28806638678359636
and what,-8.22411336015774,-0.19797721510299016
and when,-7.872609745518499,0.08125910140888734
and would,-8.107825221963985,0.046247686224812304
angry,-8.073153845868656,0.012987609241385275
another,-7.091435271656716,0.04787166489810588
answer,-8.040803591517816,0.007272149625550124
anxiety,-7.766057079896854,-0.09820610493276533
any,-6.528702235636297,0.48198930798759826
any advice,-7.381241317267773,0.35196589170903886
any of,-8.129854686212543,-0.10860582115601151
anymore,-7.320227665318649,0.21021309941423497
anyone,-7.125367500099614,0.17754285465690758
anything,-6.809920085355888,0.19190496124678222
anyway,-7.907787176361708,0.02010493909731737
anyways,-8.087646647092832,0.05983994870469095
apart,-7.925859017665715,-0.04502234929171271
apartment,-8.051002181499843,0.00138959665330748
appreciated,-7.906580717139722,0.13488101119587134
are,-6.314931579677927,-0.2882078534438131
aren,-8.050798414221399,0.1657256966040929
argument,-8.044201348270139,0.04379637040319163
around,-7.019764513292835,0.12771698581871258
as,-5.960664104006023,0.41626313274965937
as he,-8.199365204064666,0.038275570583937456
as much,-7.986700121860733,0.21277188498857655
as she,-8.136877668978,0.01947003038793466
as we,-8.205100471327029,0.03586439341923116
as well,-7.722121778686479,0.0748465055208504
ask,-7.144975509599781,0.23852260846286422
asked,-6.79791975087725,0.19925798595004382
asked her,-7.998061209267876,0.042656526083794125
asked him,-7.8762822175323155,0.06348243772439177
asked if,-8.21814517139163,0.037361272562239936
asked me,-7.600852593116209,0.3021536592420962
asking,-7.418763135285107,0.12112332215892635
at,-5.985143351794937,0.1635234068977013
at all,-7.583105040480628,0.12112315312406784
at first,-8.130989891911312,0.00782299071863367
at her,-8.140262414103777,0.051002793438102066
at least,-7.904852142169668,0.010296023288667354
at me,-7.900166182441047,0.07282760348857525
at my,-7.971002672508477,0.009390110562990548
at the,-7.137096752013729,-0.037261577595775405
at this,-7.816430689822402,0.11395498391754401
at work,-8.11591810320641,-0.07954274084142472
attention,-8.107964955288537,-0.04569456038746597
attracted,-7.905944866369649,0.24252209088903262
attracted to,-7.96324097950656,0.23796174084834165
attractive,-7.765151530398072,0.15846961573806076
away,-7.137485540889416,0.3487293646560473
away from,-7.902672231181517,0.12836287695859264
awkward,-7.943323872753091,0.009224506756888217
baby,-7.780446280154257,0.02561967156846052
back,-6.51957640220289,0.292233310079198
back and,-8.073924430431791,-0.0563172005217473
back to,-7.6557580386708635,0.03226057276300161
background,-8.25218532070397,0.004020872545145158
bad,-7.07872044561589,-0.1912950817163408
basically,-7.531882434852875,0.048422364955833054
be,-5.8465922940439174,0.6747673740566287
be able,-8.141334700871809,-0.016438073218024714
be friends,-7.954220610786242,0.13580360220575255
be the,-8.067076025564068,0.01551153671331605
be with,-7.8636590071388035,0.19110901462870955
beautiful,-8.103825666814565,-0.009800787006251498
became,-7.950895350082548,0.07760413586773561
because,-6.010647685803528,0.5106242571726057
because he,-7.387949645658567,0.12551497394510827
because it,-7.861079540651901,0.02538190046477646
because of,-7.555425758176937,0.0244618154915636
because she,-7.4901393156336615,0.10171481548478274
because we,-7.822849679375226,0.09002377738882975
become,-7.825695643597322,-0.043970210913398006
bed,-7.856733346312927,-0.11145091664403933
been,-5.912037106205785,0.6113824174847171
been dating,-7.580530747495143,0.2670939780015385
been in,-7.730480722421412,0.19245228147745172
been together,-7.4664115472161905,0.12344737670534335
been with,-7.887154921703692,0.3003998790294473
before,-6.721693267516471,0.48313812708355974
began,-8.043955843117526,0.056426138379024694
beginning,-7.840706677905046,0.08636684635119211
behavior,-8.196651966327543,-0.06565592225275901
being,-6.54556108059875,0.26395190561383447
believe,-7.599384972687314,0.10589218607099844
best,-6.983714958923698,-0.4188993370896838
best friend,-7.508300286000074,0.10382063610305951
better,-7.116887019822537,0.13937976448046452
between,-7.826287528861144,-0.028276712993189037
bf,-7.241555747950129,0.2058855148045173
big,-7.625018469113081,0.06327409701319983
birthday,-7.857176609447747,0.15401839371004525
bit,-7.200641383281541,0.1635425504968356
bit of,-8.121741474351955,0.07035123528651126
body,-8.12951528909763,-0.397958459027346
both,-6.820904071820378,0.407759964185592
both of,-8.002072012760724,0.1267188406647559
boyfriend,-6.308010187682543,0.7964541756662328
boyfriend and,-7.723318383621112,0.17893240405400396
break,-7.125534838889112,0.27438547237768235
break up,-7.57863957658189,0.25942199182972836
breaking,-7.806687496248295,0.15044624616073957
breaking up,-7.884775963224773,0.22979707268328334
breakup,-7.781692517895931,0.12149267765958463
bring,-7.707174279199934,0.12274328183621613
broke,-7.258100061008574,0.3389147884940908
broke up,-7.415530673220831,0.23578033706439155
broken,-8.000988537826808,0.17677643682092312
brother,-7.753332445387974,0.02496040155112159
brought,-7.87065290133614,0.08921045452506661
busy,-8.151234097560465,0.008873776348808916
but,-5.294293723507808,1.2109939550462787
but also,-8.08060426024888,-0.06693486957859586
but can,-8.027417985666288,-0.10707857716245037
but don,-7.360527083058628,0.17870839305629904
but feel,-7.81221525383275,0.10737480199701438
but he,-7.364995144964553,0.1380978098097319
but it,-7.24742819451827,0.2717370258694576
but just,-7.766507816791634,0.20879627377981722
but not,-7.827848110917771,0.14220106009409836
but now,-7.982543277868303,0.08144702991519778
but she,-7.3657919055932854,0.12738213397809042
but that,-7.8650608875701815,0.08149932493179295
but the,-7.926530543328657,-0.012766487015212165
but then,-7.790473971566222,0.10865079393424838
but we,-7.78494984310661,0.07953353733382293
but when,-8.084737607717027,0.02023537260719465
buy,-7.933933975970948,-0.13773755232406665
by,-6.9074947112627,0.027351311168973824
call,-7.310318255883009,0.21209975083475566
called,-7.617994846064248,0.11985348143336236
calling,-8.169416382797417,-0.030880551592165236
calls,-8.072892698281734,0.03749269870080751
came,-7.408493983376701,0.14302826829679677
came to,-8.208119986349761,0.0361679677780271
can,-6.084297488608026,0.6747825421479368
can be,-7.928704396160589,0.024422719825552858
can do,-7.786241490892493,-0.029699387648413133
can get,-7.874765718354181,0.1256312142372224
cant,-8.09781718033999,0.09710569258310357
car,-7.820912721480712,0.01965150452372406
care,-7.416024104626309,0.03971236259897649
case,-8.202990697472757,-0.10878280188397119
cause,-7.670637902437918,0.12447773944393926
chance,-7.75491650594154,0.13596460071297958
change,-7.565105102927477,0.08653671851871135
changed,-7.888331027135118,-0.04776100759094139
cheated,-7.737648925342582,0.20142717412701314
cheated on,-7.964622162941493,0.06732026137443935
cheating,-7.573457371036553,0.23410082952987615
child,-7.972331571597219,-0.07576546719744622
children,-7.821427653851981,0.07926803380059627
city,-7.970200789640309,0.07456912080877433
class,-7.364468776379758,0.4895930483124535
clean,-8.1112833064686,0.00581641596271967
clear,-8.011079508398334,0.07984077134232198
close,-7.326500044099763,0.15639428134740757
college,-7.506441139508155,0.0895576203789881
come,-7.346126431847508,-0.0060567310415437095
comes,-7.688825805230337,0.16108105938710396
comfortable,-7.80512727647112,-0.07753747498129299
coming,-7.628271865396377,0.1006332166029105
comments,-7.913326303606802,0.14764642223465152
common,-8.183465361209379,-0.11170366918022968
completely,-7.548508257571509,0.05202303245733485
confused,-7.609836268671454,0.7687384814646816
connection,-8.147761132996871,0.04158370506163382
constantly,-7.729027559801731,0.11292570622858832
contact,-7.693972750070612,0.027437291022994283
continue,-8.050803292827833,-0.05047514769946626
control,-8.020233302073635,-0.046785164861974565
conversation,-7.435844259258804,0.08780671970425304
conversations,-8.149366935392257,0.046552899593413695
cool,-8.075045543721684,0.1221913861157766
could,-6.85124359893607,-0.003201560549636764
could be,-8.077290039784332,0.08658835926059275
couldn,-7.66820069834938,0.11646651899903318
country,-7.960176424077122,-0.1394767933427822
couple,-7.114212830583626,0.27044802635120613
couple of,-7.6608804025851756,0.19046911182219534
course,-7.924581483685492,0.014408644469598745
cousin,-8.105938554690027,0.059528212714144255
crazy,-7.708201219759361,0.12148675058796661
crush,-7.639120582918213,0.23951445001605287
crying,-8.076080987306312,0.06200139179533016
current,-7.812703318794107,0.10314169665441104
currently,-7.738953353574672,0.07002870528184067
cut,-8.042636768259289,-0.057636327819347515
cute,-7.775609951457445,0.11126887505106826
dad,-7.670228199140382,0.07279754831210482
date,-7.183171260201756,0.18764124672518745
dated,-7.683509828330099,0.16455643102137496
dates,-7.785812707663325,0.2098166978145809
dating,-6.823232501919753,0.3717668621951005
dating for,-7.925753010994125,0.2173631360756575
daughter,-8.17371283976212,0.038256168236832026
day,-6.630398449015841,0.2370309011078633
day and,-8.11225944665609,0.05596457818133186
days,-6.984149286380638,0.354450956360934
deal,-7.609550341657404,-0.1273707671456719
deal with,-7.867424223455236,-0.21361792502077512
decided,-7.691468169591598,0.0672346711990336
decided to,-7.901054737836647,0.09500759159891511
definitely,-7.886599281956125,0.1215450851935134
depression,-7.938241107219131,-0.11122465074567232
despite,-8.19011908195654,-0.1254642558218147
did,-6.950485816496366,-0.6611080771938572
did it,-8.18343289063522,-0.2293338062819222
did you,-8.767334021415852,-0.8342203743677389
didn,-6.490435909126594,0.4472780669603248
didn know,-8.090784767509623,0.039685654525130926
didn want,-7.867468280280781,0.052186523822730785
didnt,-7.962249659176477,0.06398907920579817
different,-7.313183545425335,0.21402626152456763
dinner,-7.89281048819974,0.11607017831604197
distance,-7.675951409149117,0.07103763546145099
do,-5.916120265453125,-0.3708117113949476
do anything,-8.069471321386455,0.03301125179299105
do do,-7.717281150520189,0.12857525256121544
do it,-7.567306643247237,0.0755251261235598
do not,-8.08614774446891,0.05038572656841975
do that,-8.101967193171825,0.1112083112028548
do this,-8.236131596008399,0.09999244131913276
do to,-7.921235689097571,0.11384282484980576
do you,-7.774042856164787,-1.8622981110172026
does,-7.080283506168028,-0.3351161512324993
doesn,-6.760552684913629,0.11507004002091227
doesn want,-7.97629688598445,-0.013326354789277631
dog,-8.072718275539524,0.01519872168058537
doing,-7.066899381200374,0.025262756881078874
don,-5.8381096652934765,1.2247920022352456
don feel,-7.903531592566797,0.1649179456165442
don have,-7.862920786196755,0.012168970668726247
don know,-6.712721205587302,0.4964378824921918
don really,-7.844558259721213,0.13994792231798736
don think,-7.650226478892364,0.20156558469460273
don want,-6.961475414351867,0.4471116822034403
done,-7.505051802319281,-0.16542170896584965
dont,-7.3556322804499885,0.25261536373947974
dont know,-8.119028827201983,0.08191511440423263
down,-7.045795025795286,0.2256526100255236
down and,-8.037319563954922,0.060022237152534116
dr,-7.5726635889865594,0.2226462658607529
drink,-8.158796208176284,0.015909439518313268
drinking,-8.0049988215268,-0.02394228728756995
drinks,-7.937547245237404,0.23728239037912693
drive,-8.018203501923372,-0.07511871704804352
drunk,-7.796166640354761,0.04554883549369284
due,-7.588544608155856,0.10628838225360543
due to,-7.60797830164341,0.10373418446047594
during,-7.411511199712397,0.09075824169072554
each,-6.717832696158665,0.2404179266012725
each other,-6.765521318658715,0.3924658801697203
early,-8.107896998797315,0.02599702436031491
edit,-7.959547111464284,-0.24265264431704242
either,-7.657546335959305,0.06809219462847038
else,-7.36745444940264,0.06937273129125375
emotional,-8.008331140190833,-0.004040975639402067
emotionally,-7.891213272265874,0.12595159150493973
end,-7.13851489833417,0.26128076915636467
end of,-8.048397442871753,0.07477881839583554
end up,-7.95107825284346,0.04284978767817067
ended,-7.448429477880343,0.07956205788179198
ended up,-7.677748535349021,0.11343096350441655
enjoy,-8.087424419944158,-0.1835313606384066
enough,-7.292269672582436,0.03202237141951056
enough to,-8.132613595569012,0.008862282467758682
especially,-7.875519944875915,0.03388150371793
etc,-7.368320764876335,-0.22648090476565322
even,-6.449308516115888,0.3370819400370116
even if,-7.998553765394469,0.035570271701422004
even though,-7.68227784710123,0.1354231920768781
eventually,-7.898603289590118,0.06269509323333673
ever,-7.127324022036401,-0.23488239408628123
every,-6.867094465154329,0.5116092215888057
every day,-7.73231034374084,0.17575218495924544
every time,-7.8479921125644845,0.17423058778304473
everyday,-8.003506706013656,0.021661875609113635
everyone,-7.583440001922101,-0.0809542172428659
everything,-6.9688922282311765,0.20681080888721864
ex,-6.721332840751748,0.22421684190881883
exactly,-8.19937666555064,0.06549456576467788
example,-8.042479522492055,0.19095115151009584
except,-8.118729948262276,0.023028115116974446
experience,-8.069135708435546,-0.6174783211564985
explain,-7.972970059395925,0.10513231251212204
extremely,-7.731664546781746,0.04862335809296641
face,-7.887849352223449,-0.16285894102981086
fact,-7.747998759142042,0.1624134213312404
fact that,-8.040882200561576,0.14513291562025696
family,-6.876129742896132,0.371048189314533
family and,-8.102755065982302,0.06405510692222996
far,-7.631424898956395,-0.01094593686240844
fast,-7.864102412336074,0.04738531107575705
fast forward,-8.198077482761501,0.021112846907352247
father,-7.865061290853812,0.13384087983482368
favorite,-8.909353486570351,-0.7685586670609974
fear,-8.000954017381657,0.09303796494506177
feel,-6.0599570127620375,0.3292294774009007
feel bad,-8.0987200606484,0.06648943605436036
feel like,-6.772893268630879,0.2538140909341247
feeling,-7.169026397455919,-0.05608752779678769
feelings,-7.094238975812107,0.1793419901524416
feelings for,-7.744523865135696,0.10033743778214056
feels,-7.364430613236524,0.10509394260905314
feels like,-7.906073687633711,0.06632849214819571
fell,-8.121269541877378,0.07324263402426968
felt,-7.086581774825586,0.19596306388178375
felt like,-8.036267530263778,0.05855321685856891
female,-7.918132963994315,0.008418115546570223
few,-6.773717230920739,0.24539300429647784
few days,-7.901917248204166,0.06887570969254342
few months,-7.779614287173271,0.0753800908491457
few weeks,-7.912617514871387,0.07211333030461826
fianc,-7.879818789274535,0.1191917582452508
fight,-7.9580944998961245,0.05673443084897899
figured,-8.102971808263773,0.08606139028887312
finally,-7.655466669051664,0.16315256632000152
find,-7.2477175559432085,0.0245687050175405
fine,-7.6958196739124896,0.09729325054491098
first,-6.7692629188425535,-0.12717397479651196
first time,-7.873163314170492,-0.06376956982240016
food,-8.145849362248686,0.023230073502580707
for,-5.29945242880377,0.4646918026467266
for about,-7.456916657515151,0.25176899332907693
for few,-8.26034192324322,-0.05209971471399892
for her,-7.382027928328669,0.13399159875084132
for him,-7.452129246635826,0.1450374264674294
for it,-8.082145314655731,0.013075578318156722
for me,-7.071111315093866,0.07275227254406057
for months,-7.881949221681937,0.05204174590946616
for my,-7.823832675294097,0.02689009928144215
for some,-7.90519438400064,-0.013698340057093998
for the,-6.97423344624439,0.2433485172413723
for this,-8.049755832847096,0.05588079011384161
for while,-7.855243605487015,0.27683439467009074
for years,-7.488292222650841,0.17372495713907016
forward,-7.777131640514423,-0.15705889466231227
forward to,-8.2178148176423,-0.05146453071976492
found,-7.303664095706306,0.07562128577181719
found out,-7.790965442558916,0.040619819539944105
free,-7.866945869419819,0.24001623205184733
friend,-6.284228184450397,0.6226879408911378
friend and,-7.951789923499673,0.06735970399907355
friends,-6.2906597272459805,0.5240662194807545
friends and,-7.599658995640441,0.029226046172931775
friends with,-7.823137261823564,0.0782417352347499
friendship,-7.798430186709776,0.13708358756749262
from,-6.289066800734124,0.3259851234771846
from her,-7.983377979519959,0.057379901694905575
from him,-8.242780239271525,0.02318362929242166
from my,-7.967132911472074,0.15170900373076385
from the,-7.612107829846602,0.2615165560061348
fuck,-7.801256675471362,0.11632520222969471
fucking,-7.91165162222488,0.09010525435019286
full,-7.889439343538375,-0.04900796231327107
fun,-7.867290062025012,-0.054811619535700476
future,-7.70795451773708,0.015298726423705184
game,-7.776573119902239,0.2715278215749605
games,-8.13272270736471,-0.09632059517777833
gave,-7.843948782519592,0.07021783589494787
get,-6.177785957575523,0.31625986306867643
get back,-7.922409840820312,0.07579420842834249
get over,-7.912915416048811,0.08538178320709948
get to,-7.970335069248012,0.09147449355625316
gets,-7.422822701589222,0.13071051612241225
getting,-6.79547544024282,0.6456677245278659
gf,-7.086781553122736,0.35988923880043333
girl,-6.6418384935122425,0.487025591662339
girlfriend,-6.67215681448684,0.6007342275340241
girlfriend and,-7.937895412550518,0.07419385798616794
girls,-7.195189623806566,0.6977274359958657
give,-7.18609343301445,0.2145957744136142
give me,-7.998001158026344,0.12170624507712227
given,-8.092012625422928,-0.09571333914075558
giving,-7.9566580895526,0.04906502763435205
go,-6.565340020830459,-0.03992218568401183
go out,-7.962621968384403,0.04236259758751838
go to,-7.6260388645731165,0.0820547522680376
goes,-7.6641542748151,0.0986179582891405
going,-6.501700345231924,0.29181531686942175
going on,-7.812770429059141,-0.02314979793511535
going out,-8.218885774905045,0.02652033055539863
going to,-6.936466791164106,0.32287895421066304
gone,-7.604703150351071,0.29421009984122887
gonna,-7.851774870911722,0.10388902159095147
good,-6.6773093893331525,0.00045251171827281954
got,-6.607169143570675,0.453986794778375
gotten,-7.889520614675478,-0.05146388093507959
great,-7.140903915455723,0.09702210039739775
group,-7.8099341045349275,0.029827059835928215
guess,-7.802038330405138,0.09266025069979178
guy,-6.69762128362979,0.25540268504721436
guys,-7.178136207281829,0.19551594739908862
had,-6.016190122091739,0.4865188245085437
had been,-8.041160949509631,0.04594768050184874
had sex,-7.62362958924796,0.27576173244887736
had to,-7.800262062712504,0.04400780325952141
half,-7.741163526205998,0.09148634128584707
hand,-8.0978459799907,-0.06490252106882201
handle,-7.8367663112673664,0.01665081462747146
hang,-7.6979970493229395,0.17235019951582475
hang out,-7.728785300226431,0.1724849289854989
hanging,-8.10653701567168,0.04826960082116211
happen,-7.781788495753486,0.2255720983418289
happened,-7.428004965814837,-0.0019077475677151314
happens,-8.17685789129449,0.05058339706921203
happy,-7.2561710834006785,-0.043193384722989246
hard,-7.308786704381472,-0.08485333154455768
hard to,-8.032511540913237,0.05451594501530794
has,-6.111400930928161,0.4050929868006418
has been,-7.260937205205579,0.21885366455653163
hasn,-7.788575656612467,0.1296404880737696
hate,-7.8555429989468815,0.20297734579072393
have,-5.561068124199218,0.37112095825621344
have any,-7.8645664605293515,0.16905805063158177
have been,-6.866839458117701,0.1433446519316811
have had,-8.020533322767177,0.06926024024308203
have no,-7.761069562950313,0.10324255430830555
have sex,-7.642263443418313,0.17022068735667198
have the,-8.165225236201437,0.0033384978867092518
have to,-7.463811301942198,-0.09343514804181577
haven,-7.497224242949983,0.2633366345035299
having,-6.983089126473849,0.0838116312887381
he,-4.614620254691703,2.804924749764996
he always,-7.943652875499013,0.061638627318784146
he can,-7.8388105339237075,0.0865413036807559
he could,-8.19211435690104,0.03490929164706363
he did,-8.105220780559865,0.055339070103602485
he didn,-7.799678127884347,0.08714762375527231
he does,-8.104813978388291,0.026759387733344717
he doesn,-7.46172857204189,0.00825283009747651
he got,-8.122088909321961,0.029044497056763114
he had,-7.654358812866393,0.09872718737668634
he has,-7.123881536234406,0.23071483824125652
he is,-6.950871200892275,0.2830582756802491
he just,-7.671469399459891,0.12117882115704211
he knows,-7.96296996385445,0.10184483232726223
he ll,-7.9410031911142145,0.08165203006312072
he never,-7.946004815914049,0.09157924128533156
he not,-8.116289347426267,0.04961330339619767
he said,-7.162254076810235,0.22100711646200816
he says,-7.793034787063529,0.10926719037159136
he still,-8.175141878859325,0.02849079480884758
he told,-7.717818105209311,0.08670035567544461
he wanted,-7.950869003319404,0.06410807979012519
he wants,-7.7185760942822235,0.08845870451544986
he was,-6.83084154225156,0.19977842963661566
he wasn,-8.236270424247365,0.026361115843746345
he will,-7.997235304130993,0.0448561112126142
he would,-7.419754014431802,0.14624575611587445
head,-7.651661037987921,0.16510108902765708
health,-8.06262693134137,-0.1652835040040904
healthy,-8.06741865317501,-0.3037847109014082
hear,-7.968519007655059,0.09362889116514456
heart,-7.737579709130563,0.14653302960241074
help,-6.689355093952821,0.8848280599845884
her,-4.85749256755753,2.1576828136352155
her about,-8.163788572398197,0.038395899058512116
her and,-6.971318975887052,0.2625381794239616
her but,-7.637085987113156,0.17656891448909615
her ex,-8.121983338968896,0.060940825468788776
her for,-7.572560331463023,0.23543602954669895
her friends,-8.04088833041603,0.023045214275479464
her in,-7.913676890653264,0.10268961050264327
her out,-8.109884908456616,0.08990876080772531
her she,-7.763485160004357,0.07198011410938635
her that,-7.89278087707958,-0.04658264417094193
her the,-8.114118100915285,0.014270517627090334
her to,-7.2514638460587815,0.1522804284636651
here,-7.066557464421907,0.21260617076228036
herself,-7.879220683244514,-0.01649170239814593
hey,-8.109920485684857,0.001400126805133157
high,-7.405309243829411,0.24329266972277638
high school,-7.803187419032927,0.11231468957457763
him,-5.267038656373073,1.5752015318335808
him about,-7.9746139166809895,0.09526524285570973
him and,-7.187106953209752,0.15345025755462866
him because,-8.28187503357515,0.01838987073857838
him but,-7.472961039013405,0.1900400140416373
him for,-7.841276819624335,0.09621320914994769
him he,-7.771424437972136,0.08206479847550588
him in,-8.090287772560323,0.060081526508262886
him so,-8.083252038654301,0.05405845729128854
him that,-7.72942025104073,0.20185652483335378
him to,-7.287006585982539,0.14803205141354184
himself,-7.7374243130386615,0.1677175716948116
his,-5.797565217824419,0.8116294739010048
his family,-8.154949081082824,-0.02482183019076256
his life,-8.137013672823871,0.03439999383793423
his parents,-8.070303797399811,0.06418635625998734
hit,-7.918189386082483,0.0018914768053898503
home,-7.08366289040793,0.13367737982964148
honest,-7.901317129533782,0.000219586928141755
honestly,-7.49157465369136,0.18807072074591064
hope,-8.058015769668591,-0.045591947104655126
hour,-8.178320594840027,0.04569696118986473
hours,-7.5033892490830025,0.03302316585882608
house,-7.241983712855581,0.10441183514626236
how,-6.023019114571273,-0.5570555413069115
how can,-7.9530099444527345,0.02649466717045988
how did,-8.698888884865545,-0.8254478667941789
how do,-7.148065396097071,-0.4174990996039638
how he,-8.054966358160552,0.047795759001079685
how much,-8.035520574846897,-0.059458009599654645
how she,-8.000386340332714,0.0682682594118238
how to,-6.771361667723072,0.3993969750132363
however,-7.257325911866018,0.34532204309347314
huge,-8.11088720535285,0.025955952437093175
hurt,-7.49880793101815,-0.06013932652613594
hurts,-8.039386387439624,0.0684173443310455
husband,-7.599413229672717,0.19233798045238276
idea,-7.427448246293206,0.11549734767784021
idk,-7.688287814370155,0.3141834947910009
if,-5.907620122319911,0.45321942030850637
if he,-7.315961193080901,0.1989980379740263
if it,-7.548937909549847,0.13938614998602247
if she,-7.408645538123803,0.15385839632827733
if this,-8.092155231484094,0.020442986598725777
if we,-7.771163401119163,0.0829910764941935
if you,-7.928804744175196,-0.27399319774728714
im,-7.145555139576104,0.2811657448293167
immediately,-8.212388834560382,0.05964805744579522
important,-7.918450088917533,-0.020446734088173157
in,-5.280678600892097,0.6214513978022927
in her,-7.760318208551467,0.10639601930883524
in his,-7.868390921638898,0.07139482791826879
in love,-7.623783000462211,0.09891378305007918
in my,-7.080338536373475,0.2774801441500657
in our,-7.719906757032414,0.18610754687618825
in relationship,-7.474620932076972,0.15969094681229262
in the,-6.481452774206711,0.07573710721912719
in this,-7.858910173477384,0.08273436293454825
in together,-8.003400324396795,0.06274296795804502
insecure,-8.04826399400119,0.002334772478059959
instagram,-7.914400755250056,0.0285821768422435
instead,-7.960585302016355,-0.042684880142701685
instead of,-8.242998613606659,-0.07676231772979046
interest,-8.041881394292638,-0.13029917922984596
interested,-7.922370325727637,-0.07391754892704715
interested in,-8.029650588485753,-0.03838436938266043
intimate,-7.981921984690842,0.14555684021353582
into,-6.841823774845129,0.32333981612604323
into the,-8.016028446527324,0.12570700342247956
is,-5.423962136910193,0.15626972441010586
is going,-8.048532743811936,0.08366366640862857
is in,-8.29401998387503,-0.01595371831638301
is it,-7.651397352128818,0.07861120861249776
is my,-7.965230405757404,0.06673154721531518
is not,-7.7593092350794395,0.02040829616470512
is that,-7.310861501668947,0.14063442145865906
is the,-7.791524685119085,-0.2981050006098519
is there,-7.877091038465061,-0.08525577340629667
is this,-7.674619202153684,0.12522309226507194
is very,-8.153911979038336,0.04770277798990008
isn,-7.393804249180306,-0.02167415400621293
issue,-7.580794120174737,0.13543035894579342
issues,-7.3558404161904285,0.2762931493781286
it,-5.009907999500909,1.373700931385028
it all,-7.943611860731188,0.1267251115710994
it and,-7.288308582925987,0.11639069664916038
it because,-7.954735861061255,0.07545240331923213
it been,-7.808827895779362,0.15648515904791377
it but,-7.7473994944799065,0.055915138633552276
it in,-8.153626961136101,-0.10187343330157989
it is,-7.413920103574168,0.1670685778253071
it just,-7.5889376510983375,0.11749641975992595
it makes,-8.020540691240559,0.06700496815844272
it not,-7.638540135965009,0.13208449737840136
it out,-8.074407702113461,-0.024477906218942257
it really,-8.048125557157778,0.03212987645681438
it so,-8.112066032328112,-0.010464281917364069
it the,-8.114295379893877,-0.010315270005469482
it to,-7.961723957806805,-0.21356852096964044
it up,-7.852783255695114,0.15072572168089216
it was,-6.8202410996967675,0.15203030217128533
it would,-7.669109945521862,0.23781324504798135
its,-7.268729064575421,0.20864005448001055
job,-7.2186297124722945,-0.20083070639858397
just,-5.66437780342512,0.8984283905356242
just don,-7.751112050313575,0.1081787909244417
just to,-8.151366694397586,-0.052571034563828924
just want,-7.8847300520978285,0.21120098910882065
keep,-7.180362426897164,0.5913221355547855
kept,-7.6545143921761305,0.04231971273647619
kids,-7.176783604172985,0.3586189007808563
kind,-7.225236188646081,0.09977452956129408
kind of,-7.30041432407933,0.15891047260203062
kinda,-7.465319899036799,0.2899538655292908
kiss,-7.860332529588338,-0.014424520130654777
knew,-7.5485784680824795,0.06603683495665603
know,-5.952519929054706,0.9436385339991875
know he,-8.262425983742874,-0.046366221734903915
know how,-7.107637499837131,0.6412595816993448
know if,-7.670382934951524,0.05584339797466181
know it,-7.998169050419987,0.10758262799343268
know that,-7.658928253318353,0.07460141732947669
know what,-7.1626457617058605,0.1951911969693577
knowing,-8.15977823953474,0.015152292326668468
known,-7.597722462469015,0.2077640929180664
knows,-7.418177116612673,0.2130230968443537
ladies,-9.021099708869583,-1.2856773369710872
last,-6.7962905369592015,0.23911301791092782
last night,-8.0909235408685,0.06538322809442013
last year,-8.003439916259747,0.0800942119173466
late,-7.999942905665206,0.17271787045326176
lately,-7.929462024395123,0.07475622792130322
later,-7.4575086778976605,-0.0318157470428836
least,-7.883857118643731,-0.028344560012937094
leave,-7.3473052089993685,0.138181546043552
leaving,-7.972718088800056,0.10252031857428981
left,-7.329318418463037,0.16480827866521397
less,-7.730173228691177,0.07922172643840171
let,-7.087551994747021,0.1804773315125158
let me,-7.956936989782304,0.013062268440268667
life,-6.71315956040676,-0.16389454521497124
life and,-7.885617162571229,-0.005433143154515591
like,-5.731244149857232,0.5760824863762338
like he,-7.7569791780183825,0.0775098261939142
like her,-7.908669710461541,0.08438931175317768
like it,-7.827886923898964,0.07807890940184362
like she,-7.963607035256831,0.0710748764813553
like that,-7.7218933553811775,0.08454727490386028
like the,-7.897096100888297,0.07225349064177718
like this,-7.677955440784791,-0.017373115217955006
like to,-7.605747238632745,0.1564016161521856
like we,-7.936805332183974,0.10394462825127095
liked,-7.708060909146925,0.14200782478255658
likes,-7.648723909372682,0.11642877769784392
literally,-7.88542157988125,0.10332012509934105
little,-7.158407290968315,0.22062227769971104
live,-7.339959119726948,-0.01428771592450971
lived,-8.178593524517051,-0.0073215513111646695
lives,-7.749626716631954,0.1846251971612176
living,-7.6257851544179145,-0.096815645898502
ll,-6.944954389135274,0.30702217685939603
long,-6.852442426949089,0.23166101688125781
long distance,-7.832466515886312,0.08535507246290908
long time,-8.14194831758174,0.054532326223017825
longer,-8.011187440498814,0.009823260021283173
look,-7.64589911508322,-0.14544184123842982
looked,-8.158193838234117,0.03732748894397111
looking,-7.495993316548119,-0.043062552997038525
looking for,-7.892680893580347,-0.08790554292836161
looks,-8.028179945298463,-0.024758950967460433
lose,-7.874418074679559,0.20046285066039926
lost,-7.610659690848214,0.05626672274432979
lot,-6.889899517519105,0.1655692324259823
lot of,-7.354422572099936,0.13549331191732086
love,-6.463643542051168,0.6307756933659081
love her,-7.852413449331483,0.10262527597013839
love him,-7.710718950334939,0.1124777865317272
love with,-7.873673384350946,0.013155201059656552
loved,-7.769183113638908,-0.06705836846420354
loves,-7.9278042138416325,0.02439368165218115
loves me,-8.107893326649888,0.03904714745456643
lunch,-7.943159937738081,-0.03297922756985881
mad,-7.656346576811607,0.08828123677030271
made,-7.049702312757152,-0.06925736595103257
made me,-7.894151090527742,-0.025174549848400996
make,-6.8192737421329515,-0.03288231903531941
make me,-8.017943602217631,0.11670565720352899
makes,-7.164470727770139,-0.10537904649456675
makes me,-7.491671373357304,0.12707746800322556
making,-7.390992535949095,0.22729127271971455
man,-7.587427508021276,-0.1297209308286291
many,-7.277163351752762,0.07854022865628209
marriage,-7.831833065381919,-0.10036453098822148
married,-7.4929085807007905,0.11902762189750897
matter,-8.120763631037757,-0.06955792193041904
may,-7.6184369559766205,0.09342142097308301
maybe,-7.195152220005473,0.2628356135790732
me,-4.888376135042631,2.4418054488075938
me about,-7.98387421576061,0.09786006238338839
me and,-6.58429641042189,0.4241800000273485
me as,-7.916677059768098,0.050232282387536485
me because,-7.943036191838171,0.06692851685900517
me but,-7.4922069666868145,0.11481857779763034
me feel,-7.462311970770976,0.05445732699901918
me for,-7.696262186772577,0.08909363299067713
me he,-7.3732676327488615,0.15409290123288394
me if,-7.891288457129452,0.19723106070024254
me in,-7.695418363455152,0.1290647547550678
me it,-7.919504657861651,0.0885355750090915
me she,-7.506970171846328,0.12716406192272792
me so,-7.8532515663487965,0.06064677867212827
me that,-7.251039299043915,0.15449431409280337
me the,-8.04921908606293,0.04025027073554293
me this,-8.047725523387854,0.13356007758016233
me to,-6.957445839897051,0.24772649513616504
me when,-7.970489826031377,0.1039194993128904
mean,-7.583626212439114,0.17939863851040536
means,-7.895690219806866,0.0489185798843624
media,-8.003163857647948,-0.12665910865272564
meet,-7.53769905234994,0.10857705211336852
meeting,-7.920659490531869,0.0061070994610401275
men,-7.765288319505635,0.16478888815922718
mental,-7.919910941040696,-0.064924963354381
mention,-8.216902027256227,0.019532406018488754
mentioned,-8.12207848288604,0.030877499297609613
message,-7.709989019908733,0.15341944434904925
messaged,-8.117811657436004,0.06268889725322795
messages,-7.872178943348395,0.19319541315025265
met,-6.968171268937297,0.3772458072028581
might,-7.500057131956208,0.1410739531246973
mind,-7.474738563932353,0.21543694237968974
mine,-7.998898058195942,-0.07947681301308505
minutes,-8.031553103002892,0.051008918955826696
miss,-7.983791053285216,0.14447823514455904
mom,-7.114261185767352,0.36405251611581413
moment,-7.856357333994216,-0.12697963410392177
money,-7.435108975173376,0.05045711951971677
month,-7.177047128394131,0.23814771887068548
months,-6.549170396016142,0.5016104213188726
months ago,-7.817378884901963,0.009293036868961217
months and,-7.957445527323516,0.05613583459002191
months we,-7.902244960402754,0.15261818501729124
more,-6.437052025771075,0.32664948626168416
more and,-8.136657849705344,0.040695716867012045
more than,-7.579086468880633,0.13991150620956058
morning,-7.7570792667676365,-0.03424141212242829
most,-7.236334405717486,-0.45292184051565865
most of,-7.8202009631817315,0.16818048566229427
mostly,-8.029308440273205,-0.0033744256215738223
mother,-7.963739084008473,-0.02331523100527648
move,-7.24462073636682,-0.040532669117992526
move on,-7.955324530029838,0.06127076035186502
moved,-7.429232951278765,0.06343375785182491
moving,-7.579029498515343,0.1357181237492291
much,-6.570162579784717,0.46003976438307315
multiple,-8.190624149915905,-0.035640203968900094
mutual,-8.208386954763498,0.03925121037870194
my,-4.910471480644447,2.5110561170673074
my best,-7.703255351024874,-0.032237275591023414
my bf,-7.636043870212151,0.13048456432735067
my boyfriend,-6.621083651339793,0.5177888176544053
my dad,-7.971362369529253,0.07698406977783787
my ex,-7.248734744711828,0.16147099958542163
my family,-7.749131770850639,0.23895277360811665
my feelings,-7.948239043338775,0.07596939327441228
my fianc,-8.052409572961206,0.0853502259295034
my first,-7.765987608307545,0.1541620470290979
my friend,-7.436520801381971,0.1994867489655113
my friends,-7.701455459025041,0.08892183183347248
my gf,-7.516869012609358,0.2575704230960975
my girlfriend,-6.947725396703737,0.44932111929449997
my head,-8.098978475518294,0.05933025955359369
my heart,-7.970221202059509,0.044193123140740455
my husband,-8.029667375715423,-0.08182377086534276
my life,-7.331221343879601,0.09038505495545235
my mind,-8.043782160135587,0.07062342927154973
my mom,-7.4381648522653965,0.28374323671961044
my own,-7.839937265010275,0.033566560240351
my parents,-7.973942055494565,0.07961494500865514
my partner,-7.937514486994437,0.11825912709105033
my sister,-7.913574948347727,0.03796864503957638
my wife,-7.679697853577592,0.17257701214195342
myself,-6.802486931292412,0.3026995757748513
myself and,-8.000758567767015,0.12796284906537095
name,-7.718532238296809,-0.1232976593242986
need,-6.7770426206027485,0.7874402640116284
need to,-7.480973661700116,0.17465113506955923
needed,-7.732478286311614,0.07424145092590673
needed to,-8.223026640242482,0.046737013838651774
needs,-7.5782663483813595,0.10423510058672211
nervous,-7.842241782117057,0.2794458035759412
never,-6.508069637808708,0.3673331328457714
new,-7.1430672991977335,0.08199353253929954
next,-7.142202502392111,0.30055421223409234
next day,-7.9977169474629815,0.06218724771998018
nice,-7.666921521434349,0.08247661945273234
night,-7.146524782266624,0.13198771099188178
no,-6.555335514051723,0.07462043320352342
no idea,-8.027972670425564,0.06530420121718385
normal,-7.632171529718782,0.050851498441336095
not,-5.780712594356108,0.4148222297301602
not sure,-7.26155195587011,0.2241986213103111
not the,-8.166258880807595,-0.1112378593284654
not to,-7.833485029297102,0.0342840691484705
nothing,-7.322863597994696,0.1457222286128024
noticed,-7.736310781526455,0.17550452878791026
now,-6.2282970234543065,0.4657836856899428
now and,-7.686205529969394,0.08170883278779907
now we,-7.923657561309472,0.10765254195139999
number,-7.779273603085984,0.25030921936569345
obviously,-7.968398104713401,0.09003464087438572
of,-5.186026298456461,0.38630367669465043
of course,-8.196918588131958,0.0030688746714403925
of her,-7.401554230119796,0.1147799325123917
of him,-8.10089105924374,0.052291624726880655
of his,-7.604428919662925,0.11269922380053704
of it,-7.844751854883734,0.1504696299661981
of me,-7.734575417969629,0.11529632538963268
of my,-7.008661801719827,0.15252041091846744
of our,-7.704334487221038,0.08404506879510919
of that,-7.9853095726705385,-0.01128347353345136
of the,-6.827222197067352,0.19363363335222034
of them,-7.965539550903301,-0.11301775343273067
of this,-7.487289770575896,0.25792966413835344
of time,-7.946858283154416,0.13997571741445033
of us,-7.593046382635568,0.19888588915700905
of years,-7.867780032652848,0.08987594859158296
off,-6.912318277455361,0.023732212876320775
often,-7.606342287127672,-0.20265567956462927
ok,-7.602472168675351,0.06382411527975031
okay,-7.656153614462026,0.20584970680349282
old,-7.407118444449534,0.05285580216895753
older,-8.13275860706085,-1.1749868131131732e-05
on,-5.62389841467942,0.5826579974796977
on and,-7.972541529568559,0.017228468597631136
on her,-7.607429996612985,0.13559035827938987
on his,-8.05638811443403,0.05697446953798515
on how,-7.9061101511015845,0.09209693294519518
on it,-8.034489769121715,0.06211957060428405
on me,-7.459544842011739,0.18077331498669516
on my,-7.389101459112043,0.20642620318213423
on the,-7.069958526041609,0.16913827639718032
on this,-7.939142096698927,0.25013821532241964
once,-7.287696738941761,0.22167847608875133
one,-6.405579341127819,0.3350873586189902
one day,-8.234509163187411,0.030922720946981664
one of,-7.419687080572368,0.02370403602670198
online,-7.907992194948404,0.04327096856176724
only,-6.6785717302891126,0.4889981507337367
open,-7.710546558114591,-0.012177733797317486
opinion,-8.077572339502678,0.019263985041233063
or,-6.009225315492614,-0.2733392247953598
or anything,-8.028956856701452,0.07922332584147293
or if,-8.15546627574969,-0.0005066834087739606
or not,-7.697220423112372,0.21889754123904784
or so,-8.195491517624836,0.0348006447462937
or something,-8.125522022964761,0.03210176285766604
other,-6.226495824028188,0.4769698001739704
other and,-8.071681531279518,0.009726202587394565
other people,-8.0702457004918,0.09099539388217052
others,-7.772269792193293,0.24400926533697054
our,-6.2584778896737845,0.616822059877187
our relationship,-7.256747120453188,0.20788425317866654
out,-5.905365680621692,0.695330178062347
out and,-7.517241959740675,0.11259549703259025
out for,-8.128983783138608,0.030338440086900263
out of,-7.098198223427087,0.2341008165280363
out that,-8.273982250709704,0.0021997819732972085
out to,-7.761679837990923,0.0958820347988556
out with,-7.6076537382919085,0.07870634729196194
outside,-7.934272657355582,0.013127754948882575
over,-6.55275444588319,0.5300308132743782
over the,-7.791742469530577,0.08676064380483396
own,-7.356770451581334,0.019210040171918446
parents,-7.369756380682633,0.03969378095607238
part,-7.461755319280361,-0.006134670028896876
part of,-7.81562303493791,-0.01744357660814443
partner,-7.4913950341528635,0.034118838073906095
party,-7.969912507306129,-0.016423372668224936
past,-6.997314666513329,0.4031634254842391
pay,-7.966682096682926,0.04426707474085333
people,-6.786457430806116,-0.2078254643415759
perfect,-8.137712829723071,-0.018470085933399855
period,-8.166556145250917,-0.3546754840206229
person,-7.032480600912379,0.12844326949028478
personal,-8.001024483905166,0.08296346335812867
phone,-7.253241641935287,0.08587660245821108
physical,-8.080782921584898,0.007039612045082439
physically,-8.060212383121538,0.03645788958004125
pick,-8.245912292283231,-0.05332870325634743
pictures,-7.874086181388678,0.07656514269192936
place,-7.347582869577464,-0.052281687280462195
plan,-8.012320809223354,0.053783045720435886
planning,-8.138321571598725,-0.04613692412001165
plans,-7.884894937737698,0.07770187744608602
play,-8.088019506834412,-0.04908234473450299
please,-7.4490224026832985,0.2709622646681087
point,-7.280010108572783,0.019231643173808693
point where,-8.225281117061353,-0.008052451640053072
possible,-8.07152630259431,0.013828676578556102
post,-7.407618395592784,0.28851742677448156
pregnant,-8.035835355182797,0.12174748966473703
pretty,-6.996516740706769,0.28580046763034117
probably,-7.707627176479857,0.1460213470845958
problem,-7.362939119857042,0.16141063493387817
problems,-7.867934797698293,0.05632366196145152
put,-7.440171026090983,0.18195187448229921
question,-7.7029244963352435,-0.18472497530631038
questions,-8.06795700877962,-0.08267768363040234
quite,-7.742427811679735,0.027211431067467304
rather,-7.983326325420174,-0.12861353437788695
re,-6.841677554988131,-0.06011839026965131
re both,-8.025639999644387,0.11894358408815145
read,-8.432583237938795,-0.28883596685942653
reading,-8.149091775368865,-0.03486555567146943
ready,-7.786948236336026,0.20288570699965197
real,-7.829840059674465,-0.07317325022304419
realized,-8.062857757990905,-0.022811652168286213
really,-6.053277968958081,0.5711708097856523
really like,-7.920971115715295,0.15791633004190445
reason,-7.614834454708115,0.023774086628203645
reasons,-7.937879481883509,0.05078613086563925
recently,-7.1991061003562455,0.06833638502038787
reddit,-7.6367958708667,-0.1872008920353042
relationship,-6.04625585590257,0.9438730269421177
relationship and,-7.6713917488352426,0.1548658984044123
relationship with,-7.497686271668277,0.14158309199249136
relationships,-7.507737351010771,0.16102784101664364
remember,-8.235902070928804,-0.012606383893902414
response,-8.178267705932873,-0.041166556234797896
rest,-8.29355240453143,-0.062348612265360606
right,-6.839678352856547,0.4876536804017682
right now,-7.590871255199698,0.19910397038465036
romantic,-7.769456973408161,0.3427657457708213
room,-7.604411091901294,0.10366600858625051
sad,-7.833144253081135,0.034738067329531115
said,-6.216271969927462,0.6558491445026603
said he,-7.551809382682589,0.12303434934541467
said it,-8.122090300982348,0.026830658292501825
said she,-7.784881219729773,0.07917869272444043
said that,-7.535441294986319,0.13269832527894831
same,-6.988954479948072,0.25687633576706176
same time,-8.22121802485215,0.027782295449726612
saw,-7.6006382403177355,0.03848852044927339
say,-6.7922224717790645,0.24566596626960957
saying,-7.124410777370579,0.15838615060750585
says,-7.0161166668591,0.29240849243175515
says he,-8.102772850621598,0.05128919201939441
scared,-7.741917756958506,0.17536813861261683
school,-6.9996951576073645,0.3312504264204556
school and,-8.134669650468847,0.049387069888836135
second,-7.8145841214073375,0.00795437421787897
see,-6.649711501974251,0.20182703399593194
see her,-7.967557593663457,0.08847607177101069
see me,-7.989039100392828,0.08178242580888488
seeing,-7.319611483527459,0.3358900418626642
seem,-7.64118372129062,0.04603544468239374
seem to,-7.879312496106786,0.13487965363200508
seemed,-7.779624005206238,0.11725103284530052
seems,-7.599492139652032,-0.11845546323028613
seen,-7.974493326494106,-0.19151869403393973
self,-7.884002936821959,-0.11290222183715876
send,-7.979472314963736,0.1649974004980267
sending,-8.054605211562345,0.022456271309698305
sent,-8.012070207250522,-0.010033564522274793
serious,-7.622963697994046,-0.08935137900697665
set,-7.962452052714779,0.24056052623404206
several,-8.032676088713641,0.08980041816616607
sex,-6.440654530773461,0.6593350898688215
sex with,-7.796389137726027,0.1733137631576052
sexual,-7.66665847759535,0.16244772506625252
sexually,-8.032483279338729,0.1822967444308545
share,-7.7731855153078495,0.20448793336117038
she,-4.690114121533979,2.6118099300456046
she can,-8.026806086258832,-0.005465259720299487
she did,-8.223593743814172,0.03106610502950471
she didn,-7.705903882486407,0.08390478168932072
she doesn,-7.586467077754346,0.08612034919712334
she got,-8.087644165448763,0.04012928055580608
she had,-7.469733299631432,0.12258338941546636
she has,-7.282615806598879,0.1147526044128268
she is,-7.010822112562039,0.1417855454706059
she just,-7.93664914924599,0.055061970429595083
she ll,-8.028939434377438,0.07587172921206754
she said,-7.295387432301102,0.1630986590447004
she says,-7.694174205901145,0.10621976235786205
she tells,-8.250209728153239,0.024546479891277995
she told,-7.645953253780133,0.16224253849734668
she wanted,-7.884870918635257,0.07636073312833482
she wants,-7.596814870813257,0.13407002059390888
she was,-6.756799233263404,0.24227726438081007
she would,-7.5629984454374,0.10780675447679669
shit,-7.583481645732524,0.06510811297298197
short,-7.721759990053949,-0.09448288983537327
should,-6.409764303976726,0.5265050001631463
should be,-7.8739976950292085,0.05956158664240484
should do,-7.703298329344177,0.1280623111331748
should just,-7.935503251652519,0.12384612829409465
show,-7.898747008429151,0.16590355528419642
sick,-7.837186380689799,0.24409515963457554
side,-8.039775660581785,0.03903765812557581
similar,-7.987123734822234,-0.06947902079904215
since,-6.662092138441104,0.3963342419179555
since we,-7.759982564079613,0.19854658601691225
single,-7.75023363974168,0.2652333322274388
sister,-7.546688211261214,0.08623317435262204
situation,-7.2902708530041,0.08185388305233256
sleep,-7.7431848400974035,0.019886130028907326
sleeping,-7.993690013368605,0.07778298545183464
small,-7.823585637996407,0.06049855946291987
so,-5.67801122879062,0.5013142880349842
so he,-8.118689204963603,-0.027706925550072963
so it,-8.04848486971401,-0.005629244071689558
so much,-7.520669426552639,-0.06044263775677366
so she,-7.995623710369676,0.05250892322154135
so we,-7.760504784652645,0.09267073808159236
social,-7.649416822985271,-0.033061503910321186
social media,-8.004733665275394,-0.07490250830686053
some,-6.534321044899214,0.05796751277338201
some of,-8.17358566779811,0.03468632774355746
someone,-6.840630728910943,-0.05292737376311123
someone else,-7.964547742486171,0.16349247362892197
someone who,-8.038348795363454,-0.013509080356592913
something,-6.703152696168798,0.04411242537505304
something that,-8.231027363388943,-0.07358295580093613
sometimes,-7.394037244435657,0.0209508802267379
soon,-7.819647365942922,0.08359493926799748
sorry,-7.677095920875785,0.03867604251349681
sort,-7.904367881806211,0.028241993297108702
sort of,-8.094748104425245,-0.01678815905538994
space,-7.676376002872255,0.07939306142933203
speak,-7.983220312512684,0.026434028519923224
spend,-7.658604213966865,0.022881243503947
spending,-8.078495047866781,0.01900759510269473
spent,-7.934358479463227,0.07228583139988533
stand,-8.242918814835708,-0.03963101066730492
start,-7.338255348303913,0.11610336511933994
started,-6.727063064382074,0.26716486132094447
started dating,-7.7652864427066515,0.12882204263143593
started to,-7.942651859580542,0.046239554132216525
starting,-7.871362477217096,0.07889845323277601
starting to,-8.032379916916854,0.08891980189752681
state,-7.865154274451299,0.0915002715690586
stay,-7.473261182251539,0.1519539625947852
still,-6.628003568927873,0.3297551203025251
stop,-7.378728959638671,0.07825962038166326
stopped,-7.838339915392345,0.04842465085250553
story,-7.7162819735621255,-0.26976230589901085
stress,-8.102487908220851,0.04011796236413023
strong,-8.290094329559475,-0.13334845873009005
stuff,-7.330228825428879,0.19776604341078366
stupid,-7.829649457517946,0.37041924618242794
such,-7.921026537368172,-0.27044531488162377
summer,-8.2382949921873,-0.13110454065710636
super,-7.61747327060023,0.13856297444611
support,-7.901905889630945,0.03562152460605836
sure,-6.917119572432506,0.23673369346972156
sure if,-7.895582481495906,0.10794944481265242
take,-7.132978544429683,-0.1857234807680574
taken,-8.208086051404537,-0.11885337406036067
taking,-7.596091491050345,0.24581999119009046
talk,-6.652002916446538,0.5592503462283742
talk about,-7.591047598405619,0.4257084807386851
talk to,-7.225744445458208,0.2091088786044239
talked,-7.204622695800768,0.17832509410734218
talked about,-7.9131258400023,0.041672080603285984
talked to,-8.040225993215525,0.02419064916973096
talking,-6.856098761612586,0.16668171590272515
talking about,-7.9415352542966335,-0.06392887848219068
talking to,-7.427894071952554,0.14499505423704195
talks,-8.013512899041785,0.12462547560471485
tell,-6.645553546464618,0.2747076528577839
tell her,-7.7128756195205685,0.08717951736889194
tell him,-7.564332033902011,0.10193977657040679
tell me,-7.76444058431375,-0.10285732729984148
telling,-7.421018266224603,0.1171227172463485
telling me,-7.923194970951661,0.054399522281249536
tells,-7.718045857177819,0.01784692341944507
tells me,-7.775266070667646,0.08366053280870515
term,-7.8928765852966185,0.21999760910231625
text,-7.30510124080997,0.22871026635347455
texted,-7.745422549363102,0.047616810222483076
texting,-8.040063533690596,0.08344949197985974
texts,-8.224844334658277,0.05400640530964203
than,-6.867715268238914,0.1768380465871936
thank,-7.8364441991164835,0.23677596640139892
thank you,-7.9232324341841665,0.21063879134449634
thanks,-7.754024224811177,0.14492758830125593
that,-5.026045358659006,0.8264810329632497
that am,-8.100718966851154,0.16040174270652283
that and,-7.9470667516736695,0.05839964292446518
that but,-8.043887536939197,0.05662332761087273
that can,-8.136595548670211,-0.052835659124362486
that don,-7.775625304509392,0.16438988427794488
that have,-7.926972724770804,-0.10362659283049701
that he,-6.7006501042999185,0.3292183343357283
that if,-7.976802580441254,0.07131740529238004
that is,-8.06935606649354,0.0329760832023796
that it,-7.479350710663667,0.0940034357685239
that my,-7.830323506570301,0.0711292687895018
that not,-7.885482673056296,-0.0005505175672364161
that she,-6.669052511943706,0.33034396252994974
that the,-7.672039870689872,0.06584600007302525
that they,-7.886660234682852,-0.008894066133234279
that this,-8.036484438354139,0.06653055741814028
that was,-7.605101393874133,0.21633670770478916
that we,-7.286666722359113,0.12336563850182862
that when,-8.131303299064562,0.02541270577025234
that would,-8.100591683479738,0.013565320458642326
that you,-8.391768998673948,-0.5323604222758334
the,-4.786271931467505,0.8034231620617391
the beginning,-7.995268730605154,0.0663262204017027
the best,-7.77267214888444,-0.38295639377095086
the day,-7.942261806943289,0.09674413989780901
the end,-8.089260019794967,-0.0031734945252845166
the fact,-7.982854748518872,0.14521900772363083
the first,-7.518901932455242,-0.12947847745858995
the guy,-8.03507994185537,-0.01536411404399845
the house,-8.116565554767066,0.01895457808346074
the kids,-8.145460172733062,0.1428154193811001
the last,-7.56673572027695,0.06410848058575341
the most,-7.9290359305264495,-0.3318148124481643
the next,-7.49527748919949,0.18504571424316088
the one,-7.910914390180252,0.09758173782936352
the only,-7.560576537016635,0.17654864874700665
the other,-7.5179575107051395,0.141070921693043
the past,-7.414355719253075,0.14276211798574992
the phone,-8.136498204952217,0.00426480297696853
the point,-8.014551272917297,0.0162649946288615
the problem,-7.888997932175279,0.12091180905839306
the relationship,-7.214667974655986,0.345996835013406
the right,-7.661041810618967,0.21325168160259309
the same,-7.082900657625824,0.1528433279771313
the time,-7.266068024126159,0.0820909981854895
the way,-7.822236051630179,0.06335673306521185
the whole,-7.90262423294126,0.07867832133197507
their,-7.208103889366283,-0.06887725404309736
them,-6.5376738465122655,0.07589340202468225
them and,-7.981971892717192,0.013901769807845016
then,-6.577969975091499,0.38994790863865897
then she,-7.99086443316024,0.06628130338117227
there,-6.4005862103211175,0.3246016172132
there and,-8.20112357835436,0.03915988178857917
there are,-8.117887803239208,-0.013770677718055556
there is,-7.94811418002356,0.058360139841957474
there was,-8.036858222708707,0.01310968828574396
these,-7.293212452676176,0.13340271338468354
they,-6.300629082632854,0.10700530592184451
they are,-7.878563577291223,0.06888783746759813
they re,-7.797733674444492,0.04904499740679636
they were,-8.036699026479283,-0.029015235622866772
thing,-6.979926305609498,-0.08675849287011804
things,-6.33036686537996,0.187991877594693
things that,-8.204579926102216,-0.07604452175690705
things to,-8.08226535495206,0.07674672243158626
think,-6.46655988028448,0.21541427673487187
think about,-8.030020693994869,-0.026605376172032777
think he,-8.10044507068585,0.06106771568825489
think it,-7.785185510896068,0.131386221019368
think that,-7.980607516098102,0.04875805340924827
thinking,-7.277866234783248,0.17494062487034776
thinking about,-7.880825506707948,0.06047501001947002
thinks,-7.71027573583714,0.15051827741563598
this,-5.392375777032617,1.5661932338334241
this and,-7.671011581013128,0.15387695586429814
this girl,-7.589463060442768,0.1471842236280902
this guy,-7.610285790968678,0.253543525873854
this is,-7.092442341933882,0.11721294332690509
this point,-7.940761070324415,0.09827083011837145
this situation,-8.007692635921622,0.13153366323735213
this time,-7.944119943179814,0.1290443976216889
this was,-7.855589135908499,-0.008729248750840373
those,-7.555764499940408,-0.21331841088007442
though,-7.145949467405485,0.12136103561940904
thought,-6.966314457906137,0.1745184936516206
thoughts,-8.042043115627608,-0.10946392094235342
three,-7.85831696425743,0.1018175130766298
through,-7.051337015634081,0.1402097836972113
time,-6.0593216040416955,0.39587654914711456
time and,-7.652413532499581,0.08546172172796002
time but,-8.148171946824599,0.04372986285385665
time he,-8.154270891189512,0.04666007232004748
time to,-7.78698095359249,0.18975973274798236
time we,-7.920269924566409,0.061818220134661844
time with,-7.934153160091419,-0.09030708140284213
times,-6.948811782812362,0.36124472811523123
tinder,-7.982832927734607,0.02019937441927113
tired,-7.824992910870408,0.07900936217815807
tl,-7.589098977830327,0.22298838293265597
tl dr,-7.589098977830327,0.22298838293265597
tldr,-8.017149477075211,0.041706799144120975
to,-4.3342555381069925,2.313938688825228
to ask,-7.89893310098636,0.03140753533396631
to be,-6.43969861149837,0.3424763217686157
to break,-7.969540325337306,0.1554248587373326
to change,-8.02755296780088,0.060261078839058825
to come,-8.084379635881913,-0.015026875722871914
to deal,-8.191845035693705,0.03286757748780972
to do,-6.68764324193307,0.24790682903979272
to each,-8.140886646479785,0.04139036993933395
to feel,-7.800615245012695,-0.07740001806301346
to find,-7.988343702934338,0.034918073304302626
to get,-6.839339823885653,0.11224281823462777
to give,-7.799991969328636,0.17559461006281932
to go,-7.183878592227583,0.057711971793002186
to hang,-8.206451488599011,0.05312573555765177
to have,-7.2613035933746035,0.20187275113805137
to help,-7.702918286633949,0.11350415659048978
to her,-6.896276434647056,0.2777719426869887
to him,-7.203939355944858,0.16104553915493183
to his,-7.922676252065809,0.04778791184601207
to just,-8.040187583196568,0.040608210238173306
to keep,-7.822606657229208,-0.008621147965955001
to know,-7.5862009583807595,0.08561663906201729
to leave,-7.893562069408946,0.08127191167235152
to let,-8.07987931458049,0.07583391389104836
to live,-8.159641769614995,-0.006754346592754347
to make,-7.369628630568371,0.024752987593087115
to me,-6.786543342521586,0.3655130127539072
to meet,-7.763917695698658,0.11978987961106785
to move,-7.616761130110709,0.06659952448393353
to my,-7.171272391047774,0.024911149526688634
to not,-8.131787260105476,-0.056069048764129624
to say,-7.416898907517911,0.2477402919313579
to see,-7.361235125444506,-0.10368597349100475
to start,-7.869300856356337,0.1730027665784499
to stay,-7.928034503041475,0.049090094158673825
to stop,-8.05707026481935,-0.013972123363462747
to take,-7.670039475224144,-0.07362013794232863
to talk,-7.166388858900117,0.411283843787919
to tell,-7.4783484767493045,0.1461076609081405
to the,-7.057437290740525,0.16189516634080625
to them,-7.991869076259027,0.12763991130284263
to think,-8.03524999039556,0.09203160002870323
to this,-7.867313811143214,0.06334715937301837
to try,-7.83892830933609,0.05037346031269737
to work,-7.758070021632712,0.04283517558017465
today,-7.57988141211508,-0.055213548847770966
together,-6.302719210814304,0.6524610108628391
together and,-7.620067872715202,0.08822501162798294
together but,-8.092835723894913,0.06842661492916167
together for,-7.4977580573696745,0.17141220425618842
told,-6.350046440856255,0.3647650203368219
told her,-7.4212681142311485,0.07799325347413269
told him,-7.422550120302176,0.13916965089089323
told me,-6.856217580887642,0.3081849122671861
too,-6.791227265371402,0.3030755181097408
too much,-7.881788849162152,0.21330794704699796
took,-7.581382056356714,0.17813546216510243
towards,-8.090359653428962,-0.0931450874475153
toxic,-8.015031372835795,-0.03775088282191934
tried,-7.466504678031415,0.053925260683848446
tried to,-7.726611550142954,0.02668233845769605
trip,-7.686091960996966,0.0819344922424556
true,-8.13317702086129,0.10931951364973626
truly,-8.016469404962578,0.08336807809062728
trust,-7.388247932315755,0.33201040831056217
try,-7.0721608649795815,0.17475259579073127
try to,-7.44614279564549,0.040053938950052013
trying,-7.237729236476884,-0.09720387878638648
trying to,-7.3334254839614506,-0.11974546251419761
turn,-7.8498132091173565,0.17610184302813456
turned,-7.960816093780756,0.07301056168934857
twice,-8.037402513507606,0.05404329090821284
two,-7.064050113449569,0.16355211097104738
type,-7.974299116681752,-0.1778145815234234
uncomfortable,-7.792096171364639,0.10918845711729014
under,-8.064016595221238,-0.11332442765373316
understand,-7.41949072169466,0.18754383675882677
until,-7.301125609252343,0.21350121515916812
up,-5.848492006947458,0.6760929227350467
up and,-7.565437757130501,0.08159662349372164
up for,-8.030323736125803,0.06208243991259718
up in,-8.116831491573613,-0.004127806899714978
up the,-8.229217893367956,-0.026999687188900275
up to,-7.654528352459357,-0.008707340286940446
up with,-7.022706199572014,0.38322159192692146
upset,-7.435162270849881,0.19501591310611965
us,-6.89868083413765,0.23480217531722686
us to,-8.171023614731665,0.06662585873024612
use,-7.691335009030454,-0.11089343775569084
used,-7.40016834836149,0.13701264147930425
used to,-7.543925180795469,0.24810016942163524
using,-8.149909070701808,-0.14894091219138192
usually,-7.786045849345748,0.04081490321608355
ve,-6.042211109834174,0.4303320322322227
ve been,-6.815621683298357,0.28597704888771935
ve had,-8.0228468677298,0.01029742578748754
ve never,-7.821455593014145,0.0627927609912537
very,-6.5495835079842095,0.37364553466415046
wait,-7.932525931820119,0.06752755449318483
wanna,-7.840930051953629,0.05280624298442329
want,-6.033660997342323,0.4396118062374178
want him,-8.054448945773647,0.047929267169017256
want to,-6.266377663799782,0.2924030462592745
wanted,-6.887023180328709,0.2294741494706273
wanted to,-7.238203012591384,0.06313158433759461
wanting,-7.895711870909835,0.060708564665654996
wanting to,-8.129295516007181,0.028653805404116713
wants,-6.92118927653765,0.2538787502204577
wants to,-7.222554133967585,0.19677124627685152
was,-5.3490254276606235,0.5719942028605851
was going,-7.828272944729572,0.06235601643841028
was in,-7.675245075605368,0.11300106305442181
was just,-7.888209430733307,0.016265219706985273
was my,-8.006062353305007,0.062061299219385684
was really,-8.130829009957392,0.03865484241159757
was so,-8.207483346017172,0.029803370854395928
was still,-8.23612768012216,0.027783707328678183
was the,-7.787108540579229,-0.13611807822752353
was very,-8.143198827666358,0.005586188152246619
wasn,-7.188613523404904,0.1658467897947848
watch,-8.144185261850126,0.050746701875841786
way,-6.720622500688729,0.09910754921175201
way to,-7.878205518072631,-0.1939110872477549
ways,-8.10204121321711,-0.08273415558218306
we,-5.10424027874042,1.9144376873407873
we are,-7.153919334796491,0.24683736309675886
we both,-7.6524090546021135,0.08767295841328056
we can,-7.82203102017146,0.03142236523977491
we could,-7.9552165313845435,0.0952519938905193
we don,-7.990693930884599,0.04083377284613206
we get,-8.14405124471405,0.05359936482460848
we got,-8.078688563669587,0.07685188221394912
we had,-7.366028931686514,0.1296576751183472
we have,-7.020467227746138,0.2821479795778017
we just,-8.017597962242727,0.14596400789363695
we live,-7.98844361430543,0.07770849131767572
we met,-7.717842532966875,0.1594996173031438
we re,-7.108467622414173,0.316274839666931
we started,-7.856637585283206,0.07201226039557954
we talked,-8.040785000449272,0.0637276829626632
we ve,-7.050138837883113,0.2525282867178727
we were,-6.9984745214408,0.23990141498417966
we would,-8.014266400492644,0.06781539948026753
wedding,-7.745934531416699,0.45368070450517345
week,-6.985812659622865,0.1397450695898525
week and,-8.10070729445166,0.06146611797393606
weekend,-7.611529515089755,0.16644282872052035
weeks,-7.147764765235078,0.2393132632291088
weeks ago,-7.9256028805243615,0.0873776451834458
weird,-7.587375514437082,0.06446843622995431
well,-6.969672844285093,0.04991928999962217
went,-6.850256975256704,0.4412018063675284
went to,-7.469011226212594,0.24131085178241757
were,-6.539085803313972,0.025015553841484246
what,-6.240995472253046,-2.966726379507944
what are,-8.335508847713456,-0.8721059332905021
what do,-7.627769688967229,-0.2406012168244807
what he,-7.839088857649849,0.05957334666401095
what is,-8.480233747152097,-1.251380501151836
what she,-7.84765603773611,0.0822091476350002
what should,-7.647828705307839,0.05078604726377267
what the,-8.155798989055388,-0.7724278847020339
what to,-7.127185243470554,0.14256178562335284
what was,-8.4617573532816,-0.36710158246065183
what would,-8.46671667304583,-0.4168762996952567
whatever,-7.781987195039243,0.006139632410359122
when,-6.126529295461414,0.004750726942407788
when he,-7.427300384455943,0.17901959018162125
when she,-7.553096905526162,0.11223993673020885
when they,-8.096139042268364,-0.034320049491827154
when was,-8.227013867956957,-0.1496790803081411
when we,-7.325685933898919,0.228211157660882
when you,-8.34286047788549,-0.48703872442825613
whenever,-7.799890587451132,0.15350177576285298
where,-6.865846695050401,0.07028410267787293
where we,-8.075298989119746,0.06214443429655573
whether,-7.831701239574749,0.1367331257593825
which,-6.87155049371307,0.011365404218309672
which is,-7.866680364551567,0.08619152587510807
while,-6.886798470342081,0.39078830124523956
who,-6.760602119517757,-0.6112941361487938
who is,-8.02811871205663,0.09533372356223942
whole,-7.4713196929649435,0.06239455041934466
why,-6.8892148997700255,-0.2881362560819575
wife,-7.3479093223100165,0.41102685228318325
will,-6.72727301312186,0.2900201330568063
will be,-7.945400386301062,0.12520735318452977
wish,-8.129492389790007,0.03459058830607193
with,-5.253349931206094,0.9629814856556111
with her,-6.673474655383634,0.2802441411395068
with him,-7.0235269052311535,0.23079911255183427
with his,-7.806703645431009,0.0653721060581868
with it,-7.7952378886232285,0.016886079892277115
with me,-6.837253389674138,0.3438695906163373
with my,-6.914578374534283,0.39241620691099904
with someone,-7.847996849779188,-0.04103024436401269
with that,-7.906972163030362,-0.052864549788342374
with the,-7.4800828128928325,-0.02403974998518125
with them,-7.979438947738229,0.09957326930751172
with this,-7.4910966045330545,0.21607688406112904
without,-7.185063453316675,0.18322818644727956
woman,-7.746853471721863,-0.6069996256965842
women,-7.801595675845255,-1.4277680941950477
won,-7.367972396328575,0.3011134927447359
work,-6.741244543774544,-0.08225503197007976
work and,-8.043175557418515,0.02730492741307897
work on,-8.262489017850468,-0.05966523055280952
worked,-8.074232306941122,0.07658923729046295
working,-7.6793732699225945,-0.07837076546969762
works,-8.214831437970268,-0.027917357072151525
world,-8.140770332659697,-0.018273486905064244
worried,-7.507391553434014,0.196160098817438
worse,-7.979632745210623,-0.060868240156633294
worst,-8.27523849585963,-0.28370978223651283
worth,-8.136912440288697,-0.11061858482899717
would,-6.13441263031253,0.08227166734222732
would be,-7.1226561898908916,0.3278668357399804
would have,-7.955077800388815,0.06644068941141122
would like,-8.01473540579575,0.1385851460696378
would you,-8.039107439234996,-0.7487945561302738
wouldn,-7.542851543412386,0.05551837247856211
wrong,-7.150456344114792,0.3718210834006412
year,-6.618278361597806,0.4923729327972289
year and,-7.819322501519909,0.10051840678093914
year old,-7.963323003410945,0.11132512053897577
years,-6.433676723865815,0.5217964741239769
years ago,-7.848018261165599,0.11284472085224873
years and,-7.7050145590658055,0.07657900868783087
yes,-7.782766813143236,0.12765367492087926
yesterday,-7.66338753403373,0.20241852577302058
yet,-7.522657786962643,0.2084017945637972
you,-6.3187621561991705,-3.27285363772577
you do,-8.543857582557067,-0.1481797039008806
you guys,-8.02107975948534,0.03362822029348576
you have,-8.258497272790303,-0.4810202490238391
you re,-8.020563284739966,-0.4770579357100275
you think,-8.355333211712933,-0.45994464322677736
you ve,-8.477245715662857,-0.5168721041278279
young,-8.119244449907246,-0.12721628392397188
your,-7.343107809862303,-2.4998482291794035
