,AskWomen,RelationshipAdvice
able,1.306171379979576,2.8577674107932736
able to,1.3159332314609709,2.4217671665124563
about,15.074853030336692,24.812090919790656
about her,1.3999374044424209,2.332590729275083
about him,0.9523123496394814,1.0700366419133143
about how,1.1963847552849254,1.9328963120706368
about it,4.109236606680143,4.854782673789121
about me,1.1916850650519346,1.3820246807321488
about months,1.0445468473778794,1.5796427620818425
about my,1.1940354709454268,1.771245215682658
about our,1.083436700067116,0.7612190702388733
about the,1.9338456077831452,2.453782538597919
about this,0.9527746143410152,2.651967780122838
about what,0.8100290907943585,1.279506430845638
absolutely,0.874790195513886,1.1990290332564293
abusive,1.5955483123426701,1.2076226868465885
account,0.8255845198518481,1.0102641425483179
act,1.0500071238603568,1.769477331150084
actually,2.1015442053641338,3.581798411749885
advice,4.211938971917595,6.399020034332138
advice on,1.1577157574013055,1.8517305990230952
afraid,0.6763678792407164,1.6345775866747658
after,6.344591560351105,11.94292341623939
after that,0.44479642262566665,1.2838482677130871
after the,0.8536968487776821,1.0308225163487945
again,4.585542612797242,5.434110526994758
again and,1.0121260836221033,1.3020994521879985
age,1.9302079433766761,2.9605265353073547
ago,3.0676050424180996,5.52794615516908
ago and,0.9469766870520284,1.3497377186074722
agreed,1.026597347853451,2.0272762295606572
all,8.05424994916223,12.067387029336382
all my,0.935601125232488,0.9323262000289926
all of,1.4548602243528155,2.2203627729444753
all the,1.620871814785522,3.297599110896829
all this,0.6648092566183611,0.6418725032000128
almost,1.8533599983997904,4.379415753297235
alone,1.9665092076456698,2.5272518779344337
along,1.5306127905857831,1.5693034544268296
already,1.5086568859434955,2.565595725777175
also,4.225389837477519,7.816816297094251
although,0.5531574952360836,1.1892892798605126
always,3.9255358723754745,7.180841016906289
always been,0.6927715557436592,1.264559642145927
am,7.186349036835087,11.972367855219279
am not,0.5802522067444019,1.3199769012862745
amazing,1.022171745676796,1.6125983980350338
amp,5.23673836617877,6.521127638057459
an,6.496846939746324,11.32653080243917
and,53.3298895272884,87.39196053075881
and all,0.668285172198316,1.494069954211349
and am,1.1849041176797839,1.5611544772348522
and are,0.8088967916867725,1.704243834880774
and asked,0.5312431191650882,0.861232601588407
and can,1.4630993647376571,2.071748853941791
and didn,0.9508139258372981,1.4779876708638415
and don,2.9043073972141453,3.0911392560979474
and even,0.7456189112040579,1.0004312272289966
and feel,0.7069449346000336,2.5369485626610064
and get,0.942743261259622,1.347178821358912
and got,0.9865843076432486,1.57659729540142
and had,1.0205119389010056,1.667446330615423
and has,0.598519431578771,1.498901131990543
and have,2.5373872032685885,5.047757233278389
and he,4.2828861530619795,7.052531592913017
and her,0.9987784120167793,1.6695505742117356
and his,0.8009695779679766,1.5959588406044694
and how,3.245242731290622,3.5276964769445427
and if,1.15769262474803,2.712788968974091
and is,1.1122850040641363,2.294688057719139
and it,2.4231944556159846,4.576188757939868
and just,1.7704933854569842,3.0020089750015737
and know,0.46825955516512063,1.62144454045168
and my,2.027639111079482,3.889906132694509
and never,0.492577949654923,1.347150216644736
and not,1.9732011878851408,3.3528504887787705
and now,1.125113628432129,1.6989200862167708
and really,0.3948676165738636,1.8097458734901646
and said,1.1179942566365935,1.8887474863621354
and she,4.238500535694892,5.6041540573166575
and started,0.6883277629588583,0.9986748111313173
and that,2.8168562181662797,4.7287277088042226
and the,1.2263997844232761,3.2119725274780966
and then,1.459108407768824,2.0380968788964937
and they,1.03821282982735,1.9606145195757454
and think,0.9479516669109214,1.0846268912166022
and this,0.675132579844115,0.9713839143934163
and to,0.5703989974397661,0.9897617871742947
and told,0.9121941071069541,1.9483340340748077
and ve,0.2546800746625345,1.338024246479214
and want,0.9079342351982689,1.2193216155422426
and was,1.373158093371761,2.5418257973758105
and we,3.025258663164721,5.580598888558285
and what,1.8090479890682205,4.332934239605107
and when,1.0648935060580758,1.4676330803621809
and would,0.9697588356436322,0.8153622076548603
angry,1.4083593660123161,1.0001992077430557
another,2.9240123365447537,4.252336930588136
answer,0.6493742143505769,1.474361881035909
anxiety,0.8148639166479146,3.9703667010373502
any,5.798393940579081,10.274441970496515
any advice,1.7861846794598777,3.1689839112188616
any of,0.6618357529276713,2.144929814858054
anymore,1.9870870455510632,3.584037587013468
anyone,3.3966649889617675,4.1406852326121175
anything,3.8208747387896667,6.869611960565811
anyway,1.0563032031498996,1.596686206579156
anyways,0.6807519899048856,0.9661584998521305
apart,1.438546857893748,0.7551737940917352
apartment,0.8415636152681985,1.0701015995242418
appreciated,1.282024520409088,1.3322296867174472
are,12.676470097942042,18.265672702442156
aren,1.0013444686740458,1.0071273289779104
argument,0.7060016091000638,1.3750895932134681
around,2.9508146662594825,5.260517674119228
as,9.447799051710895,17.955532737427617
as much,0.4167055925730808,1.1570581918366365
as she,0.8863873175829166,0.6970499922348206
as we,0.8456749493482577,0.7236752067797211
as well,0.9372421654639361,1.7767901544077476
ask,2.6033046282233028,5.603926894343758
ask her,0.6157181700385582,1.3741899910521955
asked,3.517560906083653,7.021534959474644
asked her,0.8416181005408682,1.1637326953688887
asked him,1.1494149536189748,1.1756080140404925
asked if,0.3517299976062558,1.311936193161221
asked me,1.0838130885760815,2.4188761150838674
asking,1.986635141621586,3.618133698227489
at,10.756434285191286,15.956789535496677
at all,1.773571022906202,2.1325222043324334
at first,0.8056161309118152,1.3660935051208916
at her,0.704860208204715,0.7705971203125386
at least,1.4494475098870168,1.5509456981586527
at me,1.1830902914209245,1.1646234085687843
at my,0.5865489991089563,1.1727917908114696
at the,2.829112724821818,5.10743853030109
at this,1.1095050890104152,1.3722572341247443
at work,0.9907655547379519,1.9970538640978328
attention,0.6199348629863298,1.5100370857032301
attracted,1.2545573151241785,1.457730929677329
attracted to,1.1445643397707894,1.429524486819307
attractive,0.8767925398052858,1.2522817989187234
away,2.8021972983810484,4.619242396154535
away from,0.8956300245063529,1.8563083847962376
awkward,0.9360315992435269,2.263357077468773
baby,1.5481221139377224,1.3081563742172415
back,5.470782868389863,7.482666957385466
back and,0.9995371003320548,0.784834822758548
back to,1.1411789269865098,1.9117575495768886
back together,0.8156662572735424,0.798474002169831
bad,2.838950989870479,6.950152690772946
basically,0.9099543857244645,3.272228107540649
be,11.45889534447839,19.552956659338705
be in,0.45194305007208263,1.524785128417691
be the,0.8662314925142451,1.4205619405796095
be with,1.0368770272254937,1.643626965733931
became,1.0185460273445335,1.0764651112045323
because,8.42984824822956,14.051414193307117
because he,1.4266359930793533,2.227520931800259
because it,1.1850701610621879,1.3988692383273553
because of,1.7916423680294673,2.7134600734750345
because she,1.7944420096661655,2.5044382806541123
because we,0.8400944964904657,1.6683465102378126
become,1.15743969923605,2.2577927797123603
bed,2.013933465265382,2.5108836625757704
been,10.047031371238852,18.037682267899086
been dating,1.2747857429042266,2.711030559961423
been in,1.411080721456303,2.7686270176302754
been together,1.585676411230134,2.9367877961048325
been with,0.6580527227760422,1.5490456490446998
before,4.3362237439110185,7.0197537523273414
beginning,0.994169811388816,1.3898357419032359
being,5.91308991053334,10.225310650860967
believe,1.4609861983685593,2.4908197196487496
best,6.497230957731052,9.076822601443556
best friend,1.64857027353599,2.554578701898044
better,3.480633851654873,4.971269214142605
between,1.8647968641308166,1.5567735161103966
bf,1.9146828278961072,4.125026050305095
big,1.6510056119565997,2.5727257860816595
birthday,1.2060708937816922,1.6139329537245715
bit,2.0588598402998866,3.7210301916452755
bit of,0.5650499260915323,1.2866578302266403
body,3.182394988517355,2.7191646769008977
both,3.5185024492090986,5.129082366286126
both of,0.8844038592406569,0.8950295949051057
bought,1.1430577007187723,1.447945467510074
boyfriend,5.506181520269329,9.195741795720304
boyfriend and,1.1057321641623201,1.722485091131576
break,2.3991678794828455,5.85707462561406
break up,1.010364702668646,3.890023235114894
breaking,0.9215139901667472,1.5090709652771
breaking up,0.5799271217885079,1.3492383516731137
breakup,0.5038551163525484,2.772981087712141
bring,0.9245761957540866,2.0896426302598785
broke,2.5763580023780253,3.8277509504041896
broke up,1.9111937067579852,2.888592116324881
broken,1.178337484250696,1.2705613781824123
brother,0.9274472793910387,2.2431560546627782
brought,0.8038927966833804,1.293497855593639
busy,0.46410795198424,1.1518238254518978
but,19.387736348992807,29.369802364371672
but also,0.7969853202515478,1.2342989712232688
but am,1.0593350792962704,1.534151505191053
but can,0.8966774566110064,1.511469018959439
but don,1.4462191158031261,3.5643579185836374
but feel,1.681553057391153,1.4211701290138918
but have,0.5922609647884338,1.2970463244203672
but he,2.2065939394839424,2.736880725833445
but it,2.1226745459405225,3.9376909681019967
but just,1.1401463184855694,1.6630017220475815
but my,0.7532606403691667,0.8663960209484967
but not,2.0283917233266555,1.6687765257573686
but now,0.9200297770667871,0.9554739257097973
but she,1.5847163505255129,3.183084983064328
but still,0.6843115395416298,1.394521359464582
but that,1.0442215921414717,0.9963572836719354
but the,0.9136666001733906,1.172150877784024
but then,1.1144409134447681,1.3011591220542527
but was,0.660327394504189,1.0515817309378173
but we,0.8575162417991585,1.7541322231522067
but when,1.1108179316465883,1.1642732109393688
by,4.156364967012325,6.320818216594192
by the,1.1356241799738682,0.5757394542026198
call,1.938081557483618,3.729663412045791
called,1.4402236787151936,2.200383350270184
calling,0.7405700109505106,1.0262384831014426
calls,0.8090416767411683,1.1369783636266169
came,1.7618999281003038,2.8133806463982154
came to,0.46526801646832033,1.1556772108981441
can,8.392845477322384,12.849660373474931
can be,0.9257744552053293,2.337065440233858
can do,1.3145700467256332,2.343307834527614
can get,1.314585388289283,1.4588345788809036
cant,1.2982658438107781,0.74975234968887
car,1.3949117305273921,2.1467813527529556
care,2.3778591938335403,3.430840826911017
care about,1.1213028478480533,0.95806777659829
case,0.6011359791895114,1.8401707691823104
cause,1.1178529557917893,1.850261087376928
chance,1.0886476260839526,1.9028676109729399
change,2.6892262268547356,2.7245607703891483
changed,1.1437150455206402,3.5666687050492927
cheated,0.6003763942473855,1.835291855178539
cheated on,0.4163822926941366,1.2259757575062484
cheating,1.3792804992529752,2.38209201111887
child,0.8038173938734597,2.018375250711494
children,1.4726580515247976,1.45429304525993
city,0.35723506692457274,1.3437393381683533
class,2.158474251006702,3.1271393755080372
clean,0.6743281035310503,1.1078958024285528
clear,1.096987658877163,1.1394474049516365
close,2.176275322577218,3.193899642961536
college,1.614241293486076,3.318783287789447
come,1.9886465066709877,4.152404731424048
comes,1.6584046182053105,1.576869288064315
comfortable,1.316640874820741,3.079277689375644
coming,1.7013905709452786,1.8789662124816402
comments,1.5557105399021853,2.198695349451413
common,0.6694057874758335,1.9949009940032347
company,1.307258794248237,1.192687080279214
completely,1.6885079056740686,2.6447349409315355
confused,2.1485017632656738,1.5252228430481072
constantly,1.2969451064614388,1.8958506795346515
contact,1.1357307674080037,2.0389048765954843
continue,0.5899875819732677,1.4693390726787157
control,1.307076105216398,1.5837340631252963
conversation,1.1694156485423637,3.049015993222501
conversations,0.699062345891235,1.3136737737159174
could,3.886553921705652,7.464064954061556
could be,0.7076783589669484,1.6244038142891937
couldn,1.6050914223361155,2.427531373466289
country,1.1580454898196626,2.042512512873662
couple,2.609656843318437,4.026532422395008
couple of,1.075352161574362,1.9274995891968327
course,1.2228532382245205,1.639689188260479
crazy,1.0861769749890282,2.71470692148499
crush,3.5063971260172417,2.462448708426775
crying,1.5831779947371099,0.9596986557870533
current,1.067849865282305,2.3062844919300374
currently,0.919268790424254,2.7944572684301616
cut,0.611164998895591,1.0301210939809904
cute,1.1533787149128623,2.0889505922162948
dad,1.1851069682729598,2.9136637796468743
date,3.4948192997484044,6.112546906343988
dated,1.3175096596258202,2.325378358228336
dates,1.089558295869611,1.1451146108495835
dating,3.8256755347432216,7.833099321230079
dating for,0.8685982646034821,1.5212201682985096
daughter,1.043174876163578,0.8353590961649551
day,5.3917982337667665,6.794310912442156
day and,0.6971326974263737,0.8601528985019712
days,2.540603730804575,3.996553163817057
deal,4.12851160071446,3.8708038504282833
deal with,3.273075070309497,3.555108294043539
decided,1.750891185676868,2.3091105602979103
decided to,1.1314239664865524,1.721370841372202
definitely,0.8123515533268939,1.5553183336168803
depression,0.6126385381310627,2.576778659793521
did,9.559199692679458,14.129434582804928
did it,3.0246527130853176,3.568222094965836
did not,0.5662537371607002,1.4190267487614945
did you,5.90197377570985,10.263426399208855
didn,5.085172569668875,8.019548235485624
didn know,0.550811128617784,0.9701365347261625
didn want,1.0454396353855648,1.3999923100454186
didnt,0.7076711493028438,1.6202527086779612
different,1.680235864697639,3.3458293631231144
dinner,1.5223220862017388,1.3864924582982467
distance,1.2937232811598665,2.552707253206045
do,18.81874858488838,29.969437859251432
do anything,1.1705800243871838,1.0662884519281373
do do,0.9554446313026415,2.498971522468953
do it,0.8206542765346848,2.6618747995300707
do not,0.7951913054116139,1.2046924197551263
do that,0.6605068433590823,0.9119610418369934
do to,1.2627259702022622,2.1993161815691162
do you,15.97924075164773,23.144261922071326
does,6.25508840998993,7.101691932299905
doesn,4.242869633436842,5.809213642324654
doesn want,0.9227868970576389,1.500261733470396
doing,2.9245323776856202,4.744317242351909
don,10.19316301499021,16.507325059852253
don feel,1.0455394361081878,1.688032355536955
don have,1.061704565427993,1.9871062544990368
don know,3.9479638140516933,6.450573610797238
don really,0.947656016289371,1.4122806340546117
don think,0.8599578812765557,1.9496024177825355
don want,2.6544555506508276,4.623596436876497
done,2.4232833394675364,3.528513411111212
dont,2.175412495453273,3.0974932183234625
down,2.544730658381444,4.537824885741786
down and,0.6202366723442492,0.9790439914609774
dr,0.985944657774266,2.0903782140807574
drink,0.37127620799302685,0.9845834984967261
drinking,0.5706248559126175,1.3045121071167625
drive,0.6608472680811466,1.5080066031046933
drunk,1.5813941861320098,1.7294514562337995
due,0.8555870079609695,2.1051045055498396
due to,0.8628537782650212,2.032077940568847
during,1.9034676348546264,3.852735241378885
each,4.11564067933203,6.09840645814636
each other,3.930513062318253,5.608507320837545
early,0.7375220047465025,1.0030515040276675
edit,1.7677159682142303,1.6744894277452749
either,1.5858516122065476,1.8082537408773753
else,2.304406821657289,3.2315686850628165
emotional,1.0358994633078045,1.2393541712603648
emotionally,1.0533574602657316,1.7390924920059325
end,2.6590080579108726,3.548160561843909
end of,0.7601012218385947,1.3056701769466714
end up,0.9803378323380948,1.5090886148619735
ended,1.84020722247468,2.580862188582811
ended up,1.4470920875393962,1.7415268293207733
enjoy,0.8636306933350271,2.5549326283435674
enough,2.1267978951623165,3.183159729224788
entire,0.41275181438660374,1.0438139877319812
especially,1.1607387508133382,2.522276036321608
etc,4.232253441072576,6.0836728263578514
even,5.17318388265227,9.384398304881564
even if,0.5415297552765194,1.4442995322001593
even though,1.0995242946078634,2.6844832698870555
eventually,1.2154542916267073,1.707614138107143
ever,5.452065794493654,8.38221597405011
every,3.0049170072621987,6.005956775842439
every day,1.2027157382362093,1.6695621549059825
every time,0.7106815825610413,1.6351487963953562
everyday,0.564820855519623,2.040785308978103
everyone,2.4257230413797175,3.4307231873642237
everything,3.314725208991599,4.597829093823182
ex,3.392278801117461,8.46772582433955
example,1.5338922827753283,1.2187284029643823
except,0.6990177831802351,1.1520703275153332
experience,3.441705525064264,4.778232094107684
explain,0.8586478233761412,1.0965983744644945
extremely,0.7743100903518939,1.9449891731114237
face,1.3322098366428363,3.0230709626723415
fact,0.8527284428036772,1.5658027898021085
family,4.846323197019815,5.1537314047775515
family and,0.6620569641061615,0.9276192686603296
far,1.6152444836690776,2.1113549822318425
fast,0.9310178848368043,1.309181093774963
fast forward,0.7141106012044289,0.7967471247258121
father,0.8161812088043426,1.264056680470316
fear,0.8420354841130129,1.3652209369981918
feel,8.9731862465527,17.31096926359376
feel like,4.33529934461934,5.455894253749384
feeling,3.233948165303742,4.241609023062378
feelings,2.1888766134191897,5.048446836522469
feelings for,0.9221529326254294,1.9222116903556428
feels,2.4995638268668765,2.533499337756007
feels like,1.2665359928075737,1.2468058753205042
fell,0.8552444821293369,1.307100613242875
felt,2.4458179158185587,4.434610185825102
felt like,1.0149630730357262,1.4052436129459296
female,1.6272264925544,4.3345515622764195
few,4.200098959155449,5.453468351300878
few days,0.47718845897399975,1.1820140854127907
few months,1.5388340005308108,1.6356220425352002
few weeks,0.7410273098725785,1.33919311312259
fianc,0.19843016057162952,2.060644318935178
fight,1.0906656773375545,0.8027831666695576
finally,1.1329149717452582,2.252697291901638
find,1.8255646131923604,4.5440098003039395
fine,1.1831991354335312,1.9425342698571877
first,5.972310278492521,8.72592277518063
first time,0.9057645081904586,2.1582834611394435
fix,0.5037910250774752,1.4781301131467568
food,1.0269409062999462,1.3842206339857646
for,21.021467998479167,34.71309585577713
for about,1.4795436851219508,3.0589696943932982
for almost,0.6262201896564674,1.3806488110086466
for few,0.8641019510896064,0.7826329178834004
for her,1.7892349117925785,3.052164750086615
for him,1.477202227567914,2.1840038296988005
for it,0.747522321452815,1.4425352502072695
for me,3.1806236597204807,3.401861471628149
for months,0.6152240186374298,1.7691141417392724
for my,1.0267842826504563,1.8403504981055374
for some,1.1594879169636205,1.375108022084311
for the,3.079294393761595,4.746435272439654
for this,0.6431150445700753,1.5412026423414413
for us,0.47433684910956,0.9957806601317591
for while,0.614619182000918,1.5207930055830738
for years,1.6628439612288224,2.5360336331755584
for you,3.7920306351964417,3.0826613140942456
forward,1.182723963597472,2.8668286923687276
forward to,0.5439475164732098,1.5834315892274489
found,2.6197078363386517,3.9260113022348566
found out,1.6175138201670634,2.159071220216357
free,0.4647977827372025,2.882613569379864
friend,5.481447399353137,12.005498382332611
friend and,0.6395896003473996,1.3241447159736948
friends,7.173658596195459,9.59455422200195
friends and,1.6178254282905913,1.881966586245232
friends with,1.430863845880818,1.5214605913825698
friendship,0.7287730011804633,1.3880869973884393
from,8.85018853798547,12.971019543385223
from her,0.8157634117108927,0.8224441719461423
from him,0.5618102381686881,1.0226873605149462
from my,0.8095857794028677,1.3330811125829567
from the,1.3791273885354216,1.4761698476545397
fuck,0.6558957759183124,2.1778123128845257
fucking,0.7049071500970316,1.351067289867848
full,1.0227630487038635,1.7700065165738548
fun,1.8818424959797735,1.2625272433142245
future,1.536627013576685,2.205420512818125
game,1.409494200878726,2.6114167897365284
gave,1.0552619133092673,1.817823994349718
get,9.209356544162317,12.643610997102448
get back,1.0406041790922576,1.1413514973901964
get over,1.7565922835125127,2.8077469034292366
get to,1.6260085473051018,1.3566543337102055
gets,2.4590071221882392,2.5764742819829927
getting,3.8968760978648507,6.673385700134188
gf,3.3215911237415754,3.4913538847328427
girl,4.842538073427621,7.9113657656441525
girlfriend,3.9619826860365785,7.7569870425145835
girlfriend and,0.7126892207578461,1.2296951488353733
girls,2.8862225563344412,3.3261350270512695
give,2.9126563916858084,3.4382064860772363
given,1.0503260447488447,1.1106975503839374
giving,1.128318138363879,0.830206808299778
go,6.655206088014957,10.538541030677292
go out,0.7277610603386647,1.6975051604730234
go to,2.573359617683281,3.310632980173845
goes,0.943979065728258,2.6785736086742653
going,4.928988417209712,8.780563512541459
going on,1.1356292373523085,2.2390363232481016
going through,0.7872941476161066,1.0371414940592512
going to,2.9466994613153656,4.967349236159431
gone,0.8086471408014589,2.540301098780971
gonna,0.6785080554624312,1.8444407497575754
good,7.326051313639876,8.617181272267217
got,5.348674716207363,7.464532491736905
gotten,1.2042168140732175,1.420378621262688
great,2.569842843308969,4.1608176914255495
group,1.156201371857646,2.106835583074063
guess,0.7806377410433044,1.8699979017581145
guilty,0.8285757684370131,1.0496869907609678
guy,3.2379638163417677,7.049774708083942
guys,2.077497862246501,4.875858269596365
had,10.56356614923936,14.71552911905948
had been,0.9169345467375125,1.264009550408852
had sex,1.2117842582679348,1.8229991927850397
had to,1.6064427801727865,2.2428191131734407
hair,2.511638377639379,3.9790462914317337
half,0.9547867492791008,1.6684999677045345
hand,0.509928052047184,1.19574760514248
handle,1.3578578985581584,1.8463524633998054
hang,0.623428962773075,2.0823303138416644
hang out,0.5675899449132734,1.900748218313795
hanging,0.48347764434099133,1.2639814031254533
happen,1.1000931965452552,1.5692472228563856
happened,2.4180414738332914,4.187179819177147
happens,0.5827643746528347,1.1454781027523842
happy,2.354870671530173,4.007881047005435
hard,1.9431345055341465,3.765173254798973
hard to,0.9792167768294601,1.0014256538236368
has,8.1725838190195,14.830372537101082
has been,2.350709435432481,4.2354650976653465
hasn,1.0297937258932603,1.6429022393894839
hate,1.7124393321485476,1.53047507225703
have,17.138203654674214,27.440910255199007
have any,0.9717988727842366,1.9904044979830018
have been,3.552927846518696,6.176847971878392
have had,1.6359194881810117,1.6176112823660873
have no,1.2872231972540706,2.1120766167854286
have sex,1.0010440936576355,1.8383415028133527
have to,1.714343456156016,3.0795433400932968
have you,2.907656016924748,7.836235326249838
haven,1.9602259707391565,2.4712914396311647
having,2.8689839619614896,4.838818906973291
he,33.07541161886149,53.7778599412756
he always,0.6993672931456038,1.401165957911393
he asked,0.3116438617685842,1.565154025072104
he been,0.2405747896752079,1.4870795622723356
he can,0.8488306681425666,1.50484585053689
he could,0.7218217159987541,0.6696845138716884
he did,0.586752814009317,1.0799836827483806
he didn,1.167653261669457,1.7057476808484344
he does,0.8049531783533179,1.0024928111686444
he doesn,1.8227826979863964,2.6105736659256915
he got,0.4222785097794773,0.9269483672216002
he had,1.020234860649191,2.1228196080419166
he has,2.545586581576106,3.633101806514419
he is,2.4373545940616435,4.31160842870608
he just,1.1366590650195902,2.009930140153744
he knows,1.2043369186255664,1.0393041157200982
he ll,0.7853284640002502,1.4465084657250555
he never,0.7329109389132474,1.7817606021935661
he said,2.311497764338269,3.0594300044608937
he says,1.0456533503050411,1.320059506311372
he told,0.6867679182840805,1.6686158934529232
he wanted,0.8589797084440693,1.5210743657716868
he wants,0.8494817559038257,2.1893377931107083
he was,3.6055303241895356,5.481434106604144
he wasn,0.4509961863661013,1.046819117274142
he will,0.5999913262683836,1.1265836238516638
he would,1.420904328973794,2.1018433952476374
head,1.2856265450962845,2.19208553513006
health,1.6525184494070415,2.2029545557735806
healthy,1.7733171914616244,1.9071006050603754
hear,1.5883528179546058,1.067557580460176
heart,1.1574284685636436,1.5362938836291227
help,3.765114948318258,5.840437458541398
helped,2.0449054667757482,1.2905008552587764
her,26.726670348219148,43.60967545937542
her about,1.0420279181930907,1.013687472767171
her and,3.1377567467325433,4.409959430543421
her but,1.5229904158444276,2.04371143524851
her ex,0.5101353667468681,1.289097910867672
her family,0.9023145345931267,0.8906289657129313
her for,1.0124899026373206,2.61023291985986
her friends,0.8879247413341427,1.0177258049121756
her in,1.0974960311713156,1.2210149381153546
her out,0.9756719388667697,1.5085433748079564
her she,0.9920766861622122,1.6428424132995916
her so,0.8632380607594656,0.8653637419477433
her that,0.8019707388329932,1.3526677551227342
her the,0.8050175860792751,1.002171705358102
her to,1.7831819328519432,3.618102337996338
here,3.020300071958891,4.814591496535716
herself,0.7437480149978741,1.5520876086792155
hey,1.5203007420994337,2.160120720377249
high,2.3352746058390608,3.0294301102316314
high school,1.3579634303804635,1.7979404616713792
him,16.58823191004101,27.260668704190632
him about,0.6402379549140748,1.563337167805272
him and,2.0840075437705186,3.2736449730830506
him but,1.5951420908958274,2.285300116595105
him for,0.9358319759018029,1.2705037213082133
him he,1.0266662473938957,1.6447360287759811
him if,0.697401629911836,0.6459346349959241
him in,0.597627309005979,1.105617089199328
him so,0.7069603529453341,0.9574010463691238
him that,1.2320265361453133,1.9525651739837735
him to,1.9396162724003865,2.9972845380958764
himself,1.0225030320430895,1.407771893637365
his,8.534409009219388,17.914482116148925
his family,0.6713129168958373,0.9533778932290531
his friends,0.37695764353376643,1.0613401171688246
his life,0.6013346551478991,0.9396226223688787
his parents,0.48803742711084586,1.2822434213368419
hit,0.9632244724417481,1.377447224260586
home,2.827202448752767,4.421343275037867
honest,0.8424332622927163,1.6386008671673398
honestly,0.9593553760065866,3.009858102808921
hope,1.1760647858016773,1.1229313523018942
hour,0.6347388143694925,0.8828221173994468
hours,1.8552617779330913,2.359382662272805
house,2.172129551693954,4.762332318662789
how,19.27296123650465,26.344156789263433
how can,1.2738467750980842,1.5161454740315392
how did,5.841564781524142,5.499369231279266
how do,8.61114992924141,12.654578778319891
how he,0.9722402250525731,1.159980143792569
how much,1.5771502660027272,1.260953785164963
how she,1.226568618932125,0.7151955026341541
how to,4.081788474379137,6.466848237769936
however,2.1640422331118794,3.554798050032529
huge,0.6171039132598208,1.1668507034650573
hurt,2.2864047582880533,3.21587667312874
hurt me,0.8559367178294796,0.7690951082265451
husband,1.4010521433770202,3.1854718094750014
idea,1.5485699166099551,3.0861735953429754
idk,0.961853839550683,1.3031727652719367
if,14.158983036973716,17.605356182079003
if he,2.2882702530038546,3.0241919680758245
if it,1.8933948831262368,1.896911342183925
if she,1.9433378688462093,3.0223766048220697
if this,0.9499727766684883,1.475784386149514
if we,1.1421839119942514,1.3883091024761223
if you,3.1114240167168057,5.02794432073579
im,2.768136298852511,4.870097404634341
immediately,0.5803982683785677,1.3174840599767135
important,1.049953884150471,2.283965257028165
in,23.171680948543468,35.32985103744401
in her,1.2721254875205583,1.723668556540634
in his,0.9566258649357664,0.9299646988208444
in love,1.4457629391150415,2.232923718458363
in my,2.7128183862708215,4.684061667058236
in our,1.0012890789093418,2.2505723556526713
in relationship,1.644251941817931,4.40895216272651
in that,1.3104514128311502,0.6286062545711204
in the,6.83785070478457,8.135419757318251
in this,0.8406228384838413,1.733838208059526
instagram,1.0394397115040934,1.4802213981177135
instead,0.9244912072092671,2.1736796392446056
instead of,0.6980235180236203,1.2787999696510335
interest,1.0611319315260126,2.0452035134749913
interested,1.3321942600971077,2.2576532241639935
interested in,0.8733179278390809,1.809420760903909
intimate,0.8509785960900994,1.0166138830606446
into,4.355241388314791,5.586961691053641
into the,1.394914541513262,1.5794332574059646
is,19.38809387003532,32.73309705490016
is it,1.6980249293727396,4.80876503399832
is my,0.8590926182050793,1.5414723120528635
is not,1.3516999715999463,2.0384986005925927
is that,1.8281553881634276,3.337032751510347
is the,4.470431919252103,5.041928105811864
is there,2.1342690393773025,2.0451523812734904
is this,0.8701895568616062,2.207341848666077
isn,1.8611473518842707,4.034866135128561
issue,1.5265357409856535,2.0702028925080223
issues,2.335552442477788,2.620695188726749
it,26.321128198211508,44.187056498562974
it all,1.0039674400359717,1.660492467949188
it and,2.3316731596877256,4.079853320507057
it because,0.7766280174430772,0.9579284677857124
it been,0.7125981245178128,1.9231667759199833
it but,1.1269151747584365,2.0522581103761284
it feels,0.9989841634968346,1.3369347776083578
it is,1.352221914840811,3.1400771271201484
it just,1.2333240237354821,2.485130062083417
it not,1.5663004283498505,1.9135629628914075
it out,0.717221592799072,1.496125239831564
it really,0.6696279639730902,1.3044347054781986
it so,1.1671810823966426,1.0792318309415139
it the,0.742445114323078,1.0711777294986642
it to,0.7944111401856381,3.0843740501154318
it up,0.6732934561998761,1.5335417919753531
it was,3.147254051281084,5.893856886060969
it wasn,0.7943365662419851,0.9040134350125515
it would,1.572008589350823,2.2306786190003978
its,2.0967088628452064,2.9006585349256384
jealous,0.9332222281754017,1.6659851281651485
job,3.543103379885923,4.579453773462462
just,12.605635613465418,20.095104580152764
just don,0.9676767091760505,1.560429439987339
just to,0.7233389421844664,1.3263815624376463
just want,0.6472634933490753,1.7742308767363921
keep,3.352731092877424,3.777324155568459
kept,1.1976649228291083,2.2681422780147584
kid,0.4904120370433017,1.9941853822009605
kids,2.5351160243998883,3.5990352393549983
kind,2.3864245720800077,4.450366807700719
kind of,1.8107827840271784,3.9321500714617663
kinda,1.6662075161506946,2.350673100868187
kiss,1.4688374714657324,2.3876990334362724
knew,1.29103454046528,2.261228958794105
know,9.068702945481117,15.225965854262634
know how,2.043880802226217,3.8147176254736115
know if,1.3811114999761398,2.289795135072694
know it,0.6661311046418781,1.3467337643486776
know she,0.9176146550436016,1.040663287875486
know that,1.3983623790140287,1.4669181847090413
know what,2.2860743609120298,4.070563223636564
knowing,1.4445690152079245,0.7825580829010746
known,1.9325203490155785,2.2543479079951014
knows,1.6257236211287118,2.402524537400162
ladies,4.900904373324747,7.310868563052584
last,3.836597479886279,6.048587417253032
last year,0.7581395581578951,0.8630041535398533
late,0.8196454626287497,1.144987798842601
lately,0.7521704055426934,1.6805778198571861
later,1.9437393982227444,3.0322277269681326
least,1.437958389588986,1.6799827330886585
leave,1.3807706413682141,3.2886999777994426
leaving,0.9312390662460739,1.1115331975894345
left,1.7510303393381013,3.246589713381591
less,1.006011956008209,2.5144082782630117
let,2.637858803524995,4.827221596061479
let me,1.1062391115394195,1.1217561647162908
life,6.1553416543790656,10.8114819906083
life and,1.124883843670785,2.0681866562825495
like,13.850740814906418,20.914845393984717
like he,1.2768505371818373,1.4921251142027463
like her,0.818436130536179,1.899233739126297
like it,1.0222714422943007,1.7218936194558203
like she,0.7836556733505959,1.2805426035286007
like that,0.8830194070212808,2.09055739350738
like the,1.2528967916017137,1.3105477314555143
like this,1.2333999816545511,2.246686148401828
like to,2.5591518708923062,3.5043047674515346
liked,1.0081405810322623,2.120527110697356
likes,1.8275104259154582,2.3908501419274493
literally,0.6442143641742184,1.4528906446340086
little,2.248642091416315,5.051902784589615
live,2.39102069470645,3.6586244454012204
live in,0.7920584637637617,1.1090446845762438
lived,1.4302664681433281,1.0977997693434975
lives,1.26186503044609,1.610610646273447
living,2.136759806549032,2.4556647152523565
ll,2.7714296849392515,5.024605890334331
long,4.55743639576877,7.1542791377055295
long distance,0.983683437327375,2.068242201772152
long time,1.003828928533723,1.0411876750357456
longer,1.1709493991546445,1.4443050469570833
look,1.8721986991713786,3.230337113551162
looked,0.43658558378296336,1.1635243377991336
looking,2.104726768428084,4.214745585531496
looking for,1.3574888064705384,2.1429270599950474
looks,0.7444380551298262,1.3109200057475252
lose,1.8542375640642195,1.7053925107399186
losing,1.0840048160496982,1.0560167968090137
lost,1.4106776024408982,1.8847030596464036
lot,2.81620208435164,6.241732836206887
lot of,1.6202615510222935,3.4558400814894465
love,6.496478880384318,9.10405178244211
love her,0.9704428898066901,1.7966408320344371
love him,1.1287002850305865,1.676467154035473
love with,1.0233207709668872,1.6441676116358908
loved,1.2375669711676938,1.805144287889145
loves,1.4351636510953227,0.9381612425388147
loves me,1.1129821066325232,0.595095933139119
lunch,0.7654957054896087,1.327357958535253
mad,1.181391355126684,1.9142060568159807
made,3.464255837443684,6.816992651239379
made me,0.3677573772918261,1.952075389953044
make,4.78021645359124,7.728035446150822
make it,0.3581004862296004,2.2441977132440107
make me,0.8519854211691763,1.4594792134864134
makes,3.9748794058431325,4.4803236907742345
makes me,1.688857244343654,1.5569543762998221
making,1.3654436989075107,3.8635561813773367
man,1.7554926605116603,2.486456672287599
many,3.671401610548594,4.602515539750977
marriage,1.8126965278523752,1.7297464065198866
married,2.7386511251568018,2.5845713079988695
matter,1.0289472056633604,0.7982103926683144
may,1.0602465963419314,2.2357067806530924
maybe,2.52115330651126,4.078163788608502
me,27.171696192863244,39.47697383359395
me about,0.9444127793789,1.106850178146077
me and,4.086875153764604,6.78637186355851
me as,0.7225263163804005,1.3182851308012575
me at,0.9299661178394835,1.0847514445094768
me because,0.8091869059150063,1.9042392586805268
me but,1.6021426862142647,1.9690519896697172
me feel,1.40361399568751,1.8062265275493121
me for,1.0032809271570637,1.750401530740257
me he,1.711901252275105,2.618774292047774
me if,0.9369598379448086,1.2397490813520522
me in,1.6458470727054046,1.6030199059929078
me it,0.9824915882512562,1.2533102170663046
me on,1.242969472047906,0.8834321533165402
me or,0.8703241279323106,1.0117061342098301
me out,0.3880736420426363,1.58848692174735
me she,2.2060205378249353,2.0785777579238616
me so,1.081524117030496,1.6242650163952963
me that,1.7109117746478022,3.6001955738903044
me the,0.6252168853530917,1.1547452935816995
me to,2.8995587646719776,4.751965488105876
me when,0.8361537010403589,1.3073505932274532
mean,1.7809128767051536,2.6742786322130914
means,0.8198633086450557,1.4640323044657857
media,0.9378794527482347,1.4602645217938908
meet,2.8867127467074236,3.278020943533234
meeting,0.8245023086109944,1.6722570701033919
men,1.2245512756682797,3.5976728343422013
mental,1.286324535996073,2.391909704976394
mentioned,0.6984409624705539,1.0739283558751738
message,1.4074100044700426,1.717094892332896
messaged,0.6717670163215563,0.7235528790494977
messages,1.0391144672639974,1.4917292197370464
met,2.5979126747138777,5.183626552157849
middle,0.4384434126281014,1.0633114873446292
might,1.5405293608766983,3.3770762630727056
mind,1.573085973278502,3.814504223288504
mine,0.8225292781817329,1.7918135177540615
minutes,0.6893636456466039,1.30059998801649
miss,0.9105727616322671,1.2744898267171028
mom,2.0668934230393856,3.369827145841848
moment,1.3873119866469885,2.014902806232164
money,1.348769154497804,2.9380333215750465
month,2.506892300627888,3.920716750378236
months,4.452350372528227,7.785964647825077
months ago,1.1944228191064388,2.1200110523661744
months and,0.6567905147930948,1.6983548193218077
more,5.374336757543216,9.582333238206425
more and,0.7345408332238296,1.0321284219470468
more than,1.5881721706952914,2.0462454014652076
morning,1.4759425289733084,2.0039185910523685
most,5.117217935457028,6.949262985088932
most of,1.3551964165057557,1.3980578435214752
mostly,0.9013814813594302,1.7537318764814243
mother,1.969663134494949,1.2737125788912662
move,3.166616380815846,3.7321237949718093
move on,0.9692527130986727,1.3308699111335234
moved,1.468689585368443,2.989132192951924
moving,1.7123836745551846,2.4496241315554945
much,5.445565453873075,7.491998595538898
mum,0.6730752587228563,0.9035587691013918
my,26.34604997724909,41.73443057380806
my best,1.3251098440338853,2.5291580201841524
my bf,1.4117548512105595,2.4737581912078768
my boyfriend,4.130559236116309,6.6637285173764855
my dad,0.9989581791672578,1.4198382355140267
my ex,1.646956399939639,3.7439706422445704
my family,1.2121519999196382,1.228692023900159
my feelings,0.41680292118626083,1.4753287959171486
my fianc,0.15671685870142377,1.620392790233477
my first,0.854686816780074,1.97190177466371
my friend,0.8708767036999749,3.6273149530455866
my friends,0.9143737136400263,1.941492180920177
my gf,2.233563334983983,2.3808840344533473
my girlfriend,2.398480703758353,5.801621429179446
my head,0.7090636456642374,1.415361653403703
my heart,0.8674632343885376,0.9852657237013892
my husband,1.2788665855761303,1.522852835853135
my life,2.126287769223703,3.292153621469798
my mom,1.84959176471965,1.673998059057171
my own,1.2799680745825814,2.0866845392790285
my parents,0.24537495551580757,1.5158825834682579
my partner,1.0090541137770537,1.4428188445426642
my sister,0.5449558623814195,1.5486697998035657
my wife,0.9354290932305771,0.9903411034981877
myself,3.5994064306992346,5.823121643938117
myself and,0.7873227775173145,1.1664386643282225
name,1.6548933096857081,2.239547615397582
need,3.7349174452096703,5.936555629815282
need to,1.5218954826377775,2.3042457933626594
needed,1.1410118903682314,1.8457075476487776
needed to,0.5033185489683367,1.110956899130715
needs,1.797764035215098,1.7889758985395516
never,5.193606093976663,9.682430019069594
new,2.8392434655241643,4.389002021467966
next,2.107847460070655,3.072645285210486
next day,0.5361251062586718,1.0265740297516952
nice,1.2140173891616253,2.122876228586117
night,3.3644941730888362,4.146276323918822
no,5.472983257049661,7.896478487299518
no idea,0.7052389334373035,1.51951994533764
normal,1.0336456371923473,2.4652737332781136
not,12.284448896102983,18.764337745773787
not sure,2.479519937693115,3.7075007554489576
not the,0.9499767468514151,1.2794692453766243
not to,1.3184704531702298,1.8026128314689358
nothing,1.612194262111202,3.252173759480973
noticed,0.8594518905466038,1.7531015168171082
now,7.012344026234434,11.053169444761432
now and,0.868959029341341,2.5586632066322923
now we,0.7798621576435558,1.2368974594599393
number,1.175720633299131,1.6528188979636678
obviously,0.7504108577381164,1.534059747798095
of,24.68379759813919,40.24499792138041
of course,0.9849169839463463,0.9064529702187542
of her,1.8082568788106108,2.537726248576498
of his,1.1144652519703457,2.2729480311355412
of it,1.5547349004558921,1.6165475337585502
of me,1.2825405247638746,1.4770661786938
of my,3.4575271896902526,4.686060061733171
of our,0.9136434584518778,1.7099773187374165
of that,0.849714658599085,1.4357442883387714
of the,3.9233538148989973,6.48549776775865
of them,1.2677782755286338,1.6485267851426142
of this,1.8107778975461537,2.0253725322981477
of time,0.7146350513501508,1.320234784192504
of us,1.6506834825751295,1.7633705966143645
of what,0.5319989895414867,1.5166567771620827
of years,0.9872188148351392,1.086313114697717
off,3.133008960881827,5.770077834912801
often,3.526637983729166,3.798483407273507
ok,1.1690327225753008,2.1364305124497234
okay,1.4260779372628887,2.361299104514044
old,1.8597070578605734,3.5577632384921087
older,1.1647044821199524,1.2837783157641365
on,14.724830205361123,25.116196078500025
on and,0.9686593290487769,1.3929778912459014
on her,1.268657128218793,2.0448115810196135
on his,0.614442398810572,1.3932964678720277
on how,1.2984136053813393,1.6664223620701628
on it,0.9275783095326962,1.0207617131458544
on me,1.1275666541275617,2.5545520328836497
on my,1.7258349088242486,2.719032876197666
on the,2.739636426559457,5.541644431668271
on this,1.1288538231977325,1.5121476388565587
once,1.9018132341247185,3.346196903869788
one,6.767371297607044,10.727705340651612
one day,0.7160906295503935,0.8684220187264786
one of,1.5062215826342604,3.5601652219493376
online,2.036229953409672,2.588152372064388
only,4.70113139502018,7.331555475175078
open,1.2154015691654365,2.1806945186258293
opinion,1.0055059784811187,2.6362658295069687
or,12.947767437564556,23.05477715281953
or anything,0.8841799184857623,1.0411381177796604
or if,1.0075519435969702,0.8956970852161027
or just,0.8091863955632648,1.073581763889592
or not,0.7019989584902996,2.294935790218996
or so,0.8765907584534464,0.8900497323435211
or something,0.41252611986139776,1.528006548646466
other,7.721820769151541,11.599929476921972
other and,0.622993448249006,1.2574620677351604
other people,1.06012652782858,1.462930770788152
others,1.1053946523774918,3.053922108287613
our,5.92944188283321,10.05771718199013
our relationship,1.9957123967169539,3.4336881220082827
out,9.70529903453361,17.34048936660123
out and,1.2523816993413253,3.220226274722385
out for,0.4928171273157084,1.9059563803598172
out of,2.2593050200122042,4.4674121507844795
out on,0.6709423053973979,1.0936335754921076
out to,1.095478205708738,1.1613268246425126
out with,0.9160659716961126,2.4777829701781124
outside,0.5300595174383549,1.6052743843057642
over,5.709540796224987,8.479443607715424
over the,2.2458758130215886,1.260004802256052
own,1.9751089385652238,3.5288953166475245
parents,2.0392405746451465,3.995887179470188
part,3.3326682171466775,3.1209246587910178
part of,1.3829106309567423,2.38675498900759
partner,3.6935180852468608,6.031280563951829
party,0.8781327637098039,1.7856878244360699
past,2.280677869539779,6.12069597907783
pay,1.819208659784204,1.6021832217002814
paying,0.7892211291183275,1.0345625798970708
people,4.89947374622114,10.73734580709868
period,3.3369768450482127,2.6444319643543577
person,3.5562162222379223,5.793193583777527
personal,1.9381663161005167,0.9911654305245227
phone,1.7348287567355418,3.746763995640807
physical,1.0545522793455135,1.0335161251788083
pick,0.7427779397952041,1.2350740121188006
pictures,0.8673873124516231,2.079535077763778
place,2.605225795525702,3.9517420415904536
plan,0.823701299851566,1.2584546228253344
planned,0.7458241159340558,0.9834995080774969
planning,0.43867073672426576,1.5433292498459557
plans,0.8505342488550496,1.6187787605070232
play,0.9350638396467069,1.6500993171345473
please,2.4613286267717647,2.6810399870004344
point,2.7746341751220323,3.5381261749139674
possible,0.3417692583407776,1.5533693852479635
post,1.7362845417539707,3.4505218480969937
pregnant,0.7638578353906721,1.6984992376810402
pretty,2.8329922412569077,5.204730469261385
probably,1.0519637906272343,2.1475724862826655
problem,2.127228301483953,2.58745592036003
problems,1.1847934638615507,2.1757514789252825
put,2.5329762887829186,3.262978849870947
question,2.200058319084882,2.7822358227108763
questions,0.9387165367471527,1.2478816808754232
quite,0.9749383244500471,1.5611678627918197
rather,0.9631217674816621,1.4042665713027824
re,4.124986810008969,9.326099242533447
read,1.8782537818303446,1.4865398914330088
reading,0.2527297267018077,2.1963550806727983
ready,1.634365554611358,1.490362558995798
real,2.3074012283903467,1.880888546467435
realized,0.6248432102014105,1.6999415815594003
really,8.032069535251395,13.701695287908453
really don,0.5177420522374485,1.4824645914313277
really like,0.8628795095060843,1.6071615539915922
reason,2.4373667149169598,2.0721051233961765
reasons,0.8157944886381006,2.155328978263767
recently,3.089225238295168,4.409474504725519
reddit,1.4192998671005101,6.3087793770477765
relationship,8.900425915597282,14.591423427134856
relationship and,1.2977519611536326,2.1238641695230607
relationship with,1.602204070105458,3.4221555220118467
relationships,3.014906890456173,4.025740219888604
remember,0.8371733300633352,1.1349277344266233
replied,0.46229732758622283,0.6053751977898302
respect,0.5106220370651557,0.9451187844129008
response,0.9356280297740514,1.4144833548716407
rest,0.4697318926721263,1.1124684205281066
right,3.8341486265227447,5.948602990494492
right now,0.9615489917845974,2.6358645338167195
romantic,1.0833386927918836,3.403797745976796
room,1.8976776719298682,1.675885083476374
sad,1.0321307890726616,1.515420152470928
said,6.937489218142875,10.473261782915758
said he,1.4679550381118995,1.9122565323000327
said it,0.7072408397029498,0.8153487647655782
said she,1.3656640134397033,1.627245379225535
said that,1.753405814988541,1.6876634917874342
same,3.181576963291726,5.382027813412378
same time,0.7766100220636409,0.8991707891387772
saw,1.2538531502407408,2.5092748479252776
say,4.308543108730919,5.956602090744302
saying,2.668759580302539,4.148954050569895
says,2.930164499782698,3.829249371066943
says he,0.5975733013937667,0.9404002412428636
scared,1.2326227934384955,1.4171832439713725
school,3.2968715973046163,5.694190219348457
school and,0.7474853488857366,1.545112391897807
second,1.409669810390847,2.385496479308669
see,4.330281332100868,8.55822654661446
see her,0.6260165241164047,1.3924839941036642
seeing,2.179691875163853,3.1584142249241727
seem,1.741277530656367,1.9054837285928248
seem to,1.1347999467207102,1.205130763720443
seemed,1.132141596776136,1.4565100932075208
seems,1.4007551878158597,2.5362591662012535
seen,1.8930373304967145,2.9653001124169
self,2.8384799158603364,2.761651964619751
sent,1.001444228457729,1.5786257028991584
serious,1.9064608507241991,2.375995920650515
set,0.4472753396027961,2.0421857913149477
several,0.5396556852855736,1.2847789337069657
sex,4.858661297283992,8.511122237165834
sex and,0.7421484570438796,1.205192545485469
sex with,0.7880847563901069,1.7708428964100962
sexual,2.2480730426782207,3.116083110744884
share,0.8783650848684311,2.3926645013288073
she,32.261353069885736,47.312322422888954
she also,0.5662751831708117,0.828013667091602
she asked,0.7600529862590857,0.8269777743494554
she can,0.7156721791108868,0.9693465277496347
she did,0.5004930440701474,1.1859200795610305
she didn,1.2251621588677066,1.7961354824218376
she doesn,1.4849529227150862,2.146005283425277
she got,0.6022760299874285,0.6504959038716444
she had,1.91557908593101,2.439293480297599
she has,2.1895408801637,3.4567891912085984
she is,2.277764337877185,4.307731559798808
she just,1.0205862110780903,1.138352466394994
she said,2.4756179091958237,2.3423761093432374
she says,0.8418403345250709,1.8667613217223042
she started,0.8304447101342126,0.8719997728640114
she told,1.5293673023447414,2.2701415707096544
she wanted,0.5318514952727235,1.6333220681047544
she wants,1.4420143345862633,1.8471897792660767
she was,4.205664657672693,5.1529090908654975
she would,1.5651356915828631,2.0602790754660183
shit,1.2096474044043197,2.4614214715335274
short,0.62174313274112,3.2728018418047022
should,4.99907845062981,10.945664836617121
should be,0.7983678909395959,2.1502644539585813
should do,1.0070592195690435,1.9675441646258598
should just,0.5321635252575588,1.85915222969929
shouldn,0.9667985161486388,1.5242856954999333
show,0.8550431743495107,1.622186952200138
sick,0.9504488384753402,1.891842060141054
side,0.8487769465971832,1.945094146255548
similar,0.9171194559822393,2.844283006068822
since,4.153415646626836,6.7477696855092715
since we,0.6932090862418053,1.9154060711222212
single,1.370538941071403,2.9976021009622484
sister,0.9439346945041358,2.660330080085603
situation,1.9018916460646846,3.879282347078913
sleep,1.488183997795572,3.0095805773672497
sleeping,0.6913296586351974,1.2655019620670014
slept,0.4390247981973551,1.1182413189396783
small,0.884177869215657,1.593984901052361
so,15.443461768616393,21.849346494087595
so he,0.8217975497444874,1.012303006057177
so it,1.0336182756236818,1.0633509895016702
so many,0.6532703197302427,1.928536313960873
so much,1.4711756636207989,2.974581347411268
so my,0.6922661904967929,1.2295755926965257
so she,0.9541085806908124,1.1439514432587505
so we,1.5085809366699874,1.2797828978361243
social,1.7946267953876407,2.0396416217710875
social media,0.8793048272263725,1.4696076346337767
some,6.582276723135709,10.142335418456756
some of,0.9139250240404132,1.2543127588623593
someone,6.362533165122961,9.851557176319215
someone else,1.1386084659871383,1.2272590033656172
someone who,0.8828594027232624,1.4708398485477414
something,5.157471902423585,9.500211530927663
something that,1.126530323449043,2.4970041309283433
sometimes,1.4898058618554975,3.7314802386696995
son,1.1517900917117356,1.1229175136274943
soon,1.0508288595642885,2.0990873269065555
sorry,1.7608073855906807,2.6593567056239067
sorry for,1.048603793107738,0.8962076897363883
sort,1.1200727673603197,2.081130870142449
sort of,1.014212379361464,1.7623257911546817
space,1.3411401815654356,1.8159756566625025
speak,0.6326792771363455,1.9825378892528671
spend,1.9047324435385944,2.259207554554543
spending,0.8435245011561223,0.7041214504907827
spent,0.9199902035742481,1.1071621246845642
start,2.301531030286981,2.6974943830278515
started,4.031537775464146,6.77019819820813
started dating,0.8499069688181021,1.9029114875991888
started talking,0.6966947417477547,0.8918029728698391
started to,0.830573132671608,1.5262717491857578
starting,1.0184612612195842,1.5222950373188617
starting to,0.7292149599699318,1.2795586049710248
state,0.5543182857131821,1.561956409775106
stay,1.5147125231022045,2.5877995388993624
staying,0.6879704094352659,0.9140383874581177
still,4.679236739383515,8.041692585531381
stop,2.6257789409402297,3.6085495560910696
stopped,1.355665787225681,1.1206669460378738
story,2.9108948324054014,4.5881903194284
stress,0.5156431905581246,2.0633501498018005
stuff,2.0903537048127716,2.9842808016823206
stupid,0.81900886749109,1.3048085866493508
such,1.8071816454258307,2.004045878999507
super,1.1413224769114914,3.3439190498239486
support,0.664367219883682,1.6760554358475173
sure,3.6724934759990426,5.41509262663406
sure if,1.026144270861467,1.5627400530734257
sweet,0.4432456572721456,1.210860199931734
take,3.7142406782235127,4.445072150670202
taken,1.2400586091882533,2.051952399340949
takes,0.7852729257795056,0.988551182610706
taking,1.0399390242669717,2.6156466349167276
talk,4.392127378437517,7.805903379067042
talk about,1.6531864753859982,3.1014322860548953
talk to,2.2473998011213627,3.7550102154930465
talked,2.359187351419909,3.1190176382425587
talked about,1.6075331300503202,0.6449073361445029
talked to,0.6161521995756697,1.6217367326983276
talking,3.277093989952305,5.046490996803484
talking about,0.8024070299338452,1.5127360355789552
talking to,1.7420274053157232,2.5437374907988812
talks,1.0418485102944495,0.8271718044428024
tell,4.956495811536839,6.721049135107265
tell her,1.7012197384315777,1.6931098159707203
tell him,1.4392980547421366,1.741452961815405
tell me,1.2209773355944515,2.0185158296642016
telling,1.81804684737703,3.2933525834237254
telling me,0.29790832785139715,1.452287740555645
tells,1.5312416390728067,1.7209800813909368
tells me,1.007256590971601,1.669654010110531
text,1.7719093490676017,4.463365654808037
texted,1.1918431100894542,1.704015864130201
texting,0.9770440560901278,1.3342782747677218
texts,0.6356630412886022,1.2703525646125777
than,3.5484479296894125,6.228588043363901
thank,1.2145937486358849,0.9915869554510784
thank you,1.2531146653825211,0.7074830726846129
thanks,1.6887226658079386,2.590657019773591
that,25.177102117808648,42.804591586940575
that and,0.793947993463694,1.1532741854008175
that don,0.8419735297251155,1.5698228766334612
that have,0.7184870097254796,1.6340638069807072
that he,3.1102516451539266,6.767928283726783
that if,0.8598663829790204,1.3320826581531682
that is,0.8124800041750242,1.1988262415255582
that it,1.749433030960782,2.242743999663266
that my,1.3437678323113051,1.7050758894288447
that night,0.3287980873556652,0.8245635888884981
that not,0.6622257149026122,1.7716701439399185
that she,3.842347967390408,5.718574147540809
that the,1.2824992727348254,2.5063587333995376
that they,1.388500411602391,1.1270308067047987
that this,0.5960637712540838,1.256721432546563
that was,1.1964978324181983,2.0888102734501115
that way,0.9945764134214288,1.1674990886703769
that we,1.546642723482377,3.038511230888561
that when,1.0212924558855834,0.7169671627707954
that would,0.5418917445281048,1.2626707521399199
that you,3.3512934992861303,4.681238252670271
the,39.056518372655276,57.91429101606238
the beginning,0.6235946365151922,1.3312701554558408
the best,4.494952712875632,3.965623362460315
the conversation,0.5010016077794831,0.9632756137376801
the day,0.9227893244800985,1.5221702014123089
the end,1.104171025019648,0.9021823259767464
the fact,0.62406807901774,1.067766328666446
the first,2.036126136100878,2.6858461606229667
the guy,1.0029966929683918,1.4285024772865111
the house,0.3709070863241073,1.3992029886540083
the last,1.7147724246875808,2.642252919172618
the most,3.429203884268908,4.715076453532036
the next,1.5603531685604133,1.9470352360382688
the night,0.5756036712095185,0.7198977578718295
the one,1.9598405596887531,1.797024539568196
the only,1.3069617147436319,2.5204026815921887
the other,1.7244046602799838,2.706177618752151
the past,1.2077081498424438,2.6786761820759697
the phone,0.576809040540009,1.3103503991478642
the point,0.9897964249660883,1.4039350427687924
the problem,0.6014116090863774,1.2592238987836326
the relationship,2.630095014412175,4.292388857306032
the right,1.5840952119414855,1.824247852399629
the same,2.9238026341467154,4.815200305920836
the time,2.2413596825695086,3.352303116322081
the way,1.4436728848179867,1.7649471786294528
the whole,0.6352511285892192,1.434512335785724
their,5.219948010496014,5.231982522810352
them,6.119373360923732,10.935172018614223
them and,0.902357141301831,1.654817765508543
then,5.08795967819136,6.570780621887202
then he,0.5977111231927617,1.0170102442518825
then she,0.7990469979323684,1.0639413157474815
there,6.2423902325765175,10.385903399067953
there are,0.8167314464554465,1.190074497908223
there is,1.041040292361148,1.678933425871744
there was,0.6388725504266513,1.5594016408479392
these,2.385204805743359,2.9929594537856476
they,7.332609165905276,12.276023796712686
they are,1.3320642352636745,1.3527894503546696
they re,1.1896608906655652,2.0559817150275075
they were,0.6180069475076988,1.6309049095970454
thing,4.897745714809974,7.884812251953902
things,6.964716740114804,10.550208827981221
things that,0.933106458023015,1.5097755926507173
think,6.985213744634891,11.285231889296124
think about,2.1549596492179086,1.3593031876977744
think it,0.5764002965183572,2.5145247190645215
think she,0.5538075188771768,1.596250619865969
think that,0.6436194305397545,1.0681242638014237
thinking,1.9856182687625266,3.7391973046537594
thinking about,1.3170187117181984,1.387041613547762
thinks,0.9561563850702656,1.8088039914602003
this,14.457145486261576,26.939381464983743
this and,1.0481477892937128,1.7519285910662434
this girl,1.2703250744872174,3.090319987376624
this guy,0.6509043952222578,1.649595958078536
this is,3.183037078767647,4.6982232563713975
this point,0.9268380918176296,1.2794731857518589
this situation,0.5583678691357055,1.390919630367555
this time,0.9671390789843625,1.3370182584629997
this was,1.1662498505540373,1.2593804157696
those,3.119048445836769,5.001194411159525
though,2.3187080745301785,4.196836779459789
thought,2.8356190032011748,5.094064948541519
thought it,0.47341849424564053,1.4162102900766445
thoughts,1.2350382358327665,3.7826936295998164
three,1.019914147576162,1.501817151085913
through,2.8632571744813946,5.034870510812147
time,9.283323786710431,14.345878547517726
time and,1.2138373925111758,1.826003077796616
time he,0.6345219045366826,0.7662225765716382
time she,0.6712311866150429,0.9626155549577917
time to,1.1795823159101064,2.0642358925792994
time we,0.7657994549402887,1.3264838429837515
time with,1.401768003907017,1.7263808692734652
times,3.1991767320202804,4.6662345030258
tinder,0.9292009223425084,1.273277408668995
tired,1.1789609423513832,1.363943683108433
tired of,0.7737221894242701,0.9599557340891772
tl,0.954794630232929,2.061832504362977
tl dr,0.954794630232929,2.061832504362977
tldr,0.8290925748548669,1.0357697061595657
to,52.96046474587218,85.77044906247464
to ask,1.1659670791922443,1.870488829830126
to be,5.337486136575174,9.752477786426914
to break,1.1169615930781238,1.9797339013295279
to change,1.0674325617177216,1.5172790372510534
to come,0.5661913648667238,1.8662073248698463
to do,4.574228968830153,6.298248582387398
to feel,1.0120578647621565,2.4693244717418934
to find,0.9269284618663026,1.499970723864627
to get,4.187948652647111,6.245240927438844
to give,0.67205276761772,1.5431972982304571
to go,2.402602037322998,5.018050357947232
to hang,0.5353410630864396,1.1110136478160637
to have,2.808986587745219,3.6760875188308697
to help,0.9093972696663654,1.612870053451313
to her,3.680090163379602,4.820438966306421
to him,2.050548584107715,3.9024221022339263
to his,0.7154897846406892,1.7817058301820607
to just,0.7211881413330691,1.5842719306858228
to keep,1.3501731852986596,1.9021833642230004
to know,1.7118096197323835,2.8121710359918337
to leave,0.7488539447977982,1.2289158759738887
to let,0.6737726933881164,1.5124817134290052
to live,1.0129626039890394,1.2108579997731033
to make,2.4140765516635754,3.9601929216155347
to me,3.514512023913254,5.510943981369885
to meet,1.1113456720674757,1.9771416366281704
to move,1.7968814800743496,1.6778711096742616
to my,2.4436695093759107,3.240495451314714
to not,0.7504211272328574,0.9956532957911015
to say,1.320903166998569,3.009962043908511
to see,1.66378138700404,4.6052907555938605
to spend,1.0047003149043228,1.2390201271098225
to start,1.0498840908862057,1.2941861833204609
to stay,0.9214096175914369,1.3180023414155264
to stop,0.9520432839397462,1.2916730066481217
to take,1.3582807282145268,2.2646334501768095
to talk,2.5602232809789496,3.90391604440969
to tell,1.6187838427647296,2.5660916420749675
to the,2.765568075676167,5.01677439628603
to think,0.9917998534115753,1.2336251285242612
to this,1.1092965003224458,2.054915013641179
to try,1.1493058216528247,1.0828056634127716
to work,1.4639072731323077,1.5749494315271375
today,1.5436407148729936,5.2713893630480975
together,6.0381573037416985,9.227964691222866
together and,1.0548022453644013,1.456354773316386
together but,0.7749284409328052,0.8663731721101793
together for,1.7136171691672908,2.495852052405829
told,5.90247199237843,9.291247041718943
told her,1.3472404701885792,2.985713885071446
told him,1.247748460685586,2.764045728647705
told me,3.274430030480078,4.9427802975793504
tomorrow,0.8023112129111074,1.3614696220109557
too,5.374997503322776,5.770942985727801
too much,1.3294984027960512,1.3311953939935814
took,1.2278017383902518,2.3464800026436845
towards,0.9359092596870546,1.0134768610973026
tried,1.8380900684591996,3.2299247248758225
tried to,1.3754164339003059,1.9456452756692852
trip,0.33755354162289886,2.1852688496112758
true,0.808926227324687,1.22913847991733
trust,1.5298645153121933,2.661986456241495
truth,0.8138200723342389,0.7769181596581611
try,3.1540129026851784,3.8641499852230394
try to,2.09976077201516,2.495146571533303
trying,2.141399273458858,4.5548595095940385
trying to,1.8712500491079591,4.190219136987047
turn,0.6068174120257369,1.9191503999197972
turned,0.708096115358695,1.0880739691315067
twice,0.8577272303943007,1.2070527711569723
two,2.449653198244962,4.528951049076183
two weeks,0.5349612554644745,1.0048765185267745
two years,0.41010327398739077,1.26084327419217
type,1.7635044839896208,2.970652049423534
uncomfortable,0.9195481752255451,2.2281096745683766
understand,1.9406356017217492,2.3151973156756798
until,2.3841131890278984,2.5374402690595046
up,10.223687992242048,17.208073642951447
up and,1.5271670632684737,2.444986060764566
up in,1.578734588306395,0.7955923636430617
up the,0.31907420690015337,1.345915086517305
up to,1.309248821300215,1.6736902397720617
up with,2.5663502280976833,5.303249784854025
upset,1.747901946983722,2.892755087488163
us,3.418096859379332,4.98457033796582
use,1.3618967447688255,3.1850638165259686
used,1.6021494136167436,3.0884198302254546
used to,1.048710374713436,2.5252831063911496
using,1.0666029585076504,1.5153252704093303
usually,1.60267494527073,2.7318194248987817
ve,9.446076378644642,17.489359209602146
ve been,3.77543344660219,7.222183304721663
ve had,0.985900696923273,1.8788700471213908
ve never,0.6934324869446525,2.2520689185788996
very,5.274772874090059,6.482357467036559
wait,1.1797145565049556,1.6370432480634267
wanna,2.052559297844431,1.5177381869595055
want,9.279586023161572,13.900935738597255
want him,0.7048769043724734,1.1814690010211886
want to,7.641814363573857,11.372468723619576
wanted,3.0019785931426575,5.124231287203353
wanted to,1.9478897165477114,3.651760234629546
wanting,0.8201958671276374,1.9647566318804874
wanting to,0.4495792016920336,1.564946893538432
wants,3.233537490884948,4.476683870892515
wants to,1.9581321352105379,3.0727206899267583
was,19.81649464357968,30.479425587956506
was going,1.059395115985342,1.5560222768289476
was in,1.1682685506752541,1.8875555193419529
was just,0.6254537322660901,1.6860977856152715
was my,0.6910581087876173,1.6094534616391611
was really,0.5186424324596675,0.841050710694182
was so,0.4584271780848115,1.1101724314734815
was still,0.742009169028234,0.6698672399340996
was the,3.2545322382134514,3.52669365423193
was very,1.0077576411967497,0.7692898788700838
wasn,2.21244785552673,4.4002016341036905
watch,1.074725979528218,1.2772948835915676
watching,0.4360168159458552,1.8390229891990963
way,4.508716213114359,8.177223537478943
way to,1.3175926843489647,2.3588482554605763
ways,1.3062935699505462,2.678335964586663
we,20.104950124517988,31.838800134549647
we are,2.212356139050714,3.4020128987827483
we both,1.356916783672832,1.9532079000014708
we can,0.8356749214045511,1.321750286988439
we could,0.847030295905213,1.0885282866191384
we don,1.0867315015889463,0.7255931652469936
we got,0.7574053037597949,1.0644989049207887
we had,1.8251383518035114,2.623525418442471
we have,2.1086760829319537,3.7419417116077427
we met,1.2334907500450274,1.8162054608760498
we re,1.4501175131263817,4.395951710203482
we started,0.902337585061584,1.3763781621548552
we talked,0.6924430844749707,1.0426311311753762
we ve,2.4489286629760127,4.927459966765422
we went,0.4156068480809917,0.9079455932919812
we were,2.530767345756192,4.603729868857062
we would,1.0263671841504847,0.9086367708568395
wedding,0.6470366369492796,2.274712133484967
week,3.4052737556933024,5.144946502390343
week and,0.7625453163314966,1.0345137325557923
weekend,0.6748735295683135,2.289865870227051
weeks,2.037523694421337,3.9784768599947173
weeks ago,0.5482300337070407,1.665674816625016
weight,2.5593550034449475,1.1513643522212342
weird,1.6175271653864387,2.85937719656647
well,2.674402943864428,4.543076986811537
went,3.293520436327773,5.324167600136827
went to,1.8577809442978581,2.6251857433990144
were,5.410257780707496,11.181065193550726
what,27.290647946825544,41.20676030530867
what are,9.453086780441257,11.06999671988362
what do,4.291039512578627,8.093999568370094
what he,0.7969564862568865,1.7002669503569026
what is,7.041509031210813,13.00883021450294
what she,1.0333264083766793,1.4109772841133772
what should,0.752045398118402,3.1849676920203316
what the,4.659340330687603,6.707020989292528
what to,3.1176292712666966,3.9982379337155427
what was,3.617628047082718,4.955708055391698
whatever,1.1509430018720563,2.002935508292762
when,11.707364441240973,16.396075272792665
when he,2.233906547571884,2.6490439216983965
when she,1.307646448661955,1.864912288544072
when they,1.373182934448028,1.4422715083766027
when was,1.059146521380203,1.9303694735176007
when we,1.9745429075298315,2.9903914522172377
when you,4.182410189877142,7.597637851668259
whenever,1.1555327596898544,1.7668892285143047
where,3.69888639098067,7.734303628554643
where we,0.6904120568246448,0.8698979004008847
whether,0.6432404577188496,2.0134035203169995
which,3.9626633573053756,6.967237393810356
which is,1.116594144525848,1.3049917216204385
while,2.9711922028448066,5.725123653259596
who,8.078331923993886,13.816515336890008
who is,0.528769114684118,1.3838379126057623
whole,1.4885105961579992,2.983983801906544
why,8.513534190862515,8.375612704533875
why he,0.7075851798381644,0.938407730387132
wife,1.3417379678951409,2.2324078251450103
will,4.609734951665228,5.479629195561881
will be,0.7713483754767394,1.8714627647612312
wish,0.9891542240468738,3.426232794835315
with,21.232757459771904,35.41166198884239
with her,3.717964469876482,6.320193438412072
with him,2.2542185024134596,4.816009366223783
with his,1.0680156345772813,1.5563386580338803
with it,1.3749698028357962,2.0581911654474525
with me,3.4456269566608158,5.443106230970617
with my,2.8714387070755185,4.814526502879696
with other,0.6464907179047987,0.9541253930259876
with someone,1.676588435191395,3.650156526235143
with that,1.2184748631654776,1.0076444928095891
with the,1.8587715951217045,3.6204116193116453
with them,0.7353459994721631,1.7418423263685148
with this,1.5530782991447296,2.6475753220064826
without,3.4259469463192382,4.411916701893064
woman,2.921135182147767,7.6948966894577495
women,6.471111416014263,13.19062403425463
won,1.8774223537255867,2.9225436488430008
work,5.2413722597801105,8.52003804094856
work and,0.8415783777993492,1.1688148846385324
worked,0.6610150364860745,2.021687502588829
working,1.5844140110730294,1.9072710801148414
works,0.754520645248397,0.7381743618634289
world,0.9522362862960417,1.459179867886774
worried,0.9814393511116801,3.102632320866387
worse,0.8203181270519576,2.5087812748234346
worst,2.0338773662531007,3.8161248612561556
would,11.817325154431604,16.218111518844452
would be,3.870151866422737,3.7390089058810125
would have,0.6087418244070525,1.6399436264244294
would you,5.9417123116546255,7.848624184319462
wouldn,1.499207607010452,2.3003411649287875
wrong,1.9572910642859347,5.4053467062810245
year,4.363258547825751,6.673790173176131
year and,0.9907187470455194,0.947963135881701
years,4.976470576524467,9.819950228623986
years ago,0.7060201093116482,1.4466618014198063
years and,1.5131512473170088,1.671110608078163
yes,0.8964775628963497,2.3455169597380956
yesterday,1.2485910011896348,2.3122840960000905
yet,1.4564963132444964,2.283599314994624
you,36.01000933353572,56.96082023904188
you and,1.6813180907923027,2.872171648555845
you feel,3.2311245841717016,6.868707220319595
you have,3.2660755153739793,5.986843603082943
you know,0.8699493570384335,1.7014505458028224
you re,2.7723941311771814,5.867021390350902
you think,2.988219038120512,5.0706516139852
you ve,3.9627608277303388,5.2751069481952175
young,0.9580727147415696,1.556402761933748
your,27.530035998809343,34.343546065069425
